schema;table;column_id;column;fk_relation;relationship_entity;r_private_key;r_column_id;domain
dbo;1;SystemInformationID;NULL;NULL;NULL;NULL;NULL;tinyint
dbo;2;Database Version;NULL;NULL;NULL;NULL;NULL;nvarchar
dbo;3;VersionDate;NULL;NULL;NULL;NULL;NULL;datetime
dbo;4;ModifiedDate;NULL;NULL;NULL;NULL;NULL;datetime
dbo;1;DatabaseLogID;NULL;NULL;NULL;NULL;NULL;int
dbo;2;PostTime;NULL;NULL;NULL;NULL;NULL;datetime
dbo;3;DatabaseUser;NULL;NULL;NULL;NULL;NULL;sysname
dbo;4;Event;NULL;NULL;NULL;NULL;NULL;sysname
dbo;5;Schema;NULL;NULL;NULL;NULL;NULL;sysname
dbo;6;Object;NULL;NULL;NULL;NULL;NULL;sysname
dbo;7;TSQL;NULL;NULL;NULL;NULL;NULL;nvarchar
dbo;8;XmlEvent;NULL;NULL;NULL;NULL;NULL;xml
dbo;1;ErrorLogID;NULL;NULL;NULL;NULL;NULL;int
dbo;2;ErrorTime;NULL;NULL;NULL;NULL;NULL;datetime
dbo;3;UserName;NULL;NULL;NULL;NULL;NULL;sysname
dbo;4;ErrorNumber;NULL;NULL;NULL;NULL;NULL;int
dbo;5;ErrorSeverity;NULL;NULL;NULL;NULL;NULL;int
dbo;6;ErrorState;NULL;NULL;NULL;NULL;NULL;int
dbo;7;ErrorProcedure;NULL;NULL;NULL;NULL;NULL;nvarchar
dbo;8;ErrorLine;NULL;NULL;NULL;NULL;NULL;int
dbo;9;ErrorMessage;NULL;NULL;NULL;NULL;NULL;nvarchar
dbo;1;name;NULL;NULL;NULL;NULL;NULL;sysname
dbo;2;principal_id;NULL;NULL;NULL;NULL;NULL;int
dbo;3;diagram_id;NULL;NULL;NULL;NULL;NULL;int
dbo;4;version;NULL;NULL;NULL;NULL;NULL;int
dbo;5;definition;NULL;NULL;NULL;NULL;NULL;varbinary
HumanResources;1;DepartmentID;NULL;NULL;NULL;NULL;NULL;smallint
HumanResources;2;Name;NULL;NULL;NULL;NULL;NULL;Name
HumanResources;3;GroupName;NULL;NULL;NULL;NULL;NULL;Name
HumanResources;4;ModifiedDate;NULL;NULL;NULL;NULL;NULL;datetime
HumanResources;1;BusinessEntityID;>-;Person.Person;BusinessEntityID;1;FK_Employee_Person_BusinessEntityID;int
HumanResources;2;NationalIDNumber;NULL;NULL;NULL;NULL;NULL;nvarchar
HumanResources;3;LoginID;NULL;NULL;NULL;NULL;NULL;nvarchar
HumanResources;4;OrganizationNode;NULL;NULL;NULL;NULL;NULL;hierarchyid
HumanResources;5;OrganizationLevel;NULL;NULL;NULL;NULL;NULL;smallint
HumanResources;6;JobTitle;NULL;NULL;NULL;NULL;NULL;nvarchar
HumanResources;7;BirthDate;NULL;NULL;NULL;NULL;NULL;date
HumanResources;8;MaritalStatus;NULL;NULL;NULL;NULL;NULL;nchar
HumanResources;9;Gender;NULL;NULL;NULL;NULL;NULL;nchar
HumanResources;10;HireDate;NULL;NULL;NULL;NULL;NULL;date
HumanResources;11;SalariedFlag;NULL;NULL;NULL;NULL;NULL;Flag
HumanResources;12;VacationHours;NULL;NULL;NULL;NULL;NULL;smallint
HumanResources;13;SickLeaveHours;NULL;NULL;NULL;NULL;NULL;smallint
HumanResources;14;CurrentFlag;NULL;NULL;NULL;NULL;NULL;Flag
HumanResources;15;rowguid;NULL;NULL;NULL;NULL;NULL;uniqueidentifier
HumanResources;16;ModifiedDate;NULL;NULL;NULL;NULL;NULL;datetime
HumanResources;1;BusinessEntityID;>-;HumanResources.Employee;BusinessEntityID;1;FK_EmployeeDepartmentHistory_Employee_BusinessEntityID;int
HumanResources;2;DepartmentID;>-;HumanResources.Department;DepartmentID;1;FK_EmployeeDepartmentHistory_Department_DepartmentID;smallint
HumanResources;3;ShiftID;>-;HumanResources.Shift;ShiftID;1;FK_EmployeeDepartmentHistory_Shift_ShiftID;tinyint
HumanResources;4;StartDate;NULL;NULL;NULL;NULL;NULL;date
HumanResources;5;EndDate;NULL;NULL;NULL;NULL;NULL;date
HumanResources;6;ModifiedDate;NULL;NULL;NULL;NULL;NULL;datetime
HumanResources;1;BusinessEntityID;>-;HumanResources.Employee;BusinessEntityID;1;FK_EmployeePayHistory_Employee_BusinessEntityID;int
HumanResources;2;RateChangeDate;NULL;NULL;NULL;NULL;NULL;datetime
HumanResources;3;Rate;NULL;NULL;NULL;NULL;NULL;money
HumanResources;4;PayFrequency;NULL;NULL;NULL;NULL;NULL;tinyint
HumanResources;5;ModifiedDate;NULL;NULL;NULL;NULL;NULL;datetime
HumanResources;1;JobCandidateID;NULL;NULL;NULL;NULL;NULL;int
HumanResources;2;BusinessEntityID;>-;HumanResources.Employee;BusinessEntityID;1;FK_JobCandidate_Employee_BusinessEntityID;int
HumanResources;3;Resume;NULL;NULL;NULL;NULL;NULL;xml
HumanResources;4;ModifiedDate;NULL;NULL;NULL;NULL;NULL;datetime
HumanResources;1;ShiftID;NULL;NULL;NULL;NULL;NULL;tinyint
HumanResources;2;Name;NULL;NULL;NULL;NULL;NULL;Name
HumanResources;3;StartTime;NULL;NULL;NULL;NULL;NULL;time
HumanResources;4;EndTime;NULL;NULL;NULL;NULL;NULL;time
HumanResources;5;ModifiedDate;NULL;NULL;NULL;NULL;NULL;datetime
Person;1;AddressID;NULL;NULL;NULL;NULL;NULL;int
Person;2;AddressLine1;NULL;NULL;NULL;NULL;NULL;nvarchar
Person;3;AddressLine2;NULL;NULL;NULL;NULL;NULL;nvarchar
Person;4;City;NULL;NULL;NULL;NULL;NULL;nvarchar
Person;5;StateProvinceID;>-;Person.StateProvince;StateProvinceID;1;FK_Address_StateProvince_StateProvinceID;int
Person;6;PostalCode;NULL;NULL;NULL;NULL;NULL;nvarchar
Person;7;SpatialLocation;NULL;NULL;NULL;NULL;NULL;geography
Person;8;rowguid;NULL;NULL;NULL;NULL;NULL;uniqueidentifier
Person;9;ModifiedDate;NULL;NULL;NULL;NULL;NULL;datetime
Person;1;AddressTypeID;NULL;NULL;NULL;NULL;NULL;int
Person;2;Name;NULL;NULL;NULL;NULL;NULL;Name
Person;3;rowguid;NULL;NULL;NULL;NULL;NULL;uniqueidentifier
Person;4;ModifiedDate;NULL;NULL;NULL;NULL;NULL;datetime
Person;1;BusinessEntityID;NULL;NULL;NULL;NULL;NULL;int
Person;2;rowguid;NULL;NULL;NULL;NULL;NULL;uniqueidentifier
Person;3;ModifiedDate;NULL;NULL;NULL;NULL;NULL;datetime
Person;1;BusinessEntityID;>-;Person.BusinessEntity;BusinessEntityID;1;FK_BusinessEntityAddress_BusinessEntity_BusinessEntityID;int
Person;2;AddressID;>-;Person.Address;AddressID;1;FK_BusinessEntityAddress_Address_AddressID;int
Person;3;AddressTypeID;>-;Person.AddressType;AddressTypeID;1;FK_BusinessEntityAddress_AddressType_AddressTypeID;int
Person;4;rowguid;NULL;NULL;NULL;NULL;NULL;uniqueidentifier
Person;5;ModifiedDate;NULL;NULL;NULL;NULL;NULL;datetime
Person;1;BusinessEntityID;>-;Person.BusinessEntity;BusinessEntityID;1;FK_BusinessEntityContact_BusinessEntity_BusinessEntityID;int
Person;2;PersonID;>-;Person.Person;BusinessEntityID;1;FK_BusinessEntityContact_Person_PersonID;int
Person;3;ContactTypeID;>-;Person.ContactType;ContactTypeID;1;FK_BusinessEntityContact_ContactType_ContactTypeID;int
Person;4;rowguid;NULL;NULL;NULL;NULL;NULL;uniqueidentifier
Person;5;ModifiedDate;NULL;NULL;NULL;NULL;NULL;datetime
Person;1;ContactTypeID;NULL;NULL;NULL;NULL;NULL;int
Person;2;Name;NULL;NULL;NULL;NULL;NULL;Name
Person;3;ModifiedDate;NULL;NULL;NULL;NULL;NULL;datetime
Person;1;CountryRegionCode;NULL;NULL;NULL;NULL;NULL;nvarchar
Person;2;Name;NULL;NULL;NULL;NULL;NULL;Name
Person;3;ModifiedDate;NULL;NULL;NULL;NULL;NULL;datetime
Person;1;BusinessEntityID;>-;Person.Person;BusinessEntityID;1;FK_EmailAddress_Person_BusinessEntityID;int
Person;2;EmailAddressID;NULL;NULL;NULL;NULL;NULL;int
Person;3;EmailAddress;NULL;NULL;NULL;NULL;NULL;nvarchar
Person;4;rowguid;NULL;NULL;NULL;NULL;NULL;uniqueidentifier
Person;5;ModifiedDate;NULL;NULL;NULL;NULL;NULL;datetime
Person;1;BusinessEntityID;>-;Person.Person;BusinessEntityID;1;FK_Password_Person_BusinessEntityID;int
Person;2;PasswordHash;NULL;NULL;NULL;NULL;NULL;varchar
Person;3;PasswordSalt;NULL;NULL;NULL;NULL;NULL;varchar
Person;4;rowguid;NULL;NULL;NULL;NULL;NULL;uniqueidentifier
Person;5;ModifiedDate;NULL;NULL;NULL;NULL;NULL;datetime
Person;1;BusinessEntityID;>-;Person.BusinessEntity;BusinessEntityID;1;FK_Person_BusinessEntity_BusinessEntityID;int
Person;2;PersonType;NULL;NULL;NULL;NULL;NULL;nchar
Person;3;NameStyle;NULL;NULL;NULL;NULL;NULL;NameStyle
Person;4;Title;NULL;NULL;NULL;NULL;NULL;nvarchar
Person;5;FirstName;NULL;NULL;NULL;NULL;NULL;Name
Person;6;MiddleName;NULL;NULL;NULL;NULL;NULL;Name
Person;7;LastName;NULL;NULL;NULL;NULL;NULL;Name
Person;8;Suffix;NULL;NULL;NULL;NULL;NULL;nvarchar
Person;9;EmailPromotion;NULL;NULL;NULL;NULL;NULL;int
Person;10;AdditionalContactInfo;NULL;NULL;NULL;NULL;NULL;xml
Person;11;Demographics;NULL;NULL;NULL;NULL;NULL;xml
Person;12;rowguid;NULL;NULL;NULL;NULL;NULL;uniqueidentifier
Person;13;ModifiedDate;NULL;NULL;NULL;NULL;NULL;datetime
Person;1;BusinessEntityID;>-;Person.Person;BusinessEntityID;1;FK_PersonPhone_Person_BusinessEntityID;int
Person;2;PhoneNumber;NULL;NULL;NULL;NULL;NULL;Phone
Person;3;PhoneNumberTypeID;>-;Person.PhoneNumberType;PhoneNumberTypeID;1;FK_PersonPhone_PhoneNumberType_PhoneNumberTypeID;int
Person;4;ModifiedDate;NULL;NULL;NULL;NULL;NULL;datetime
Person;1;PhoneNumberTypeID;NULL;NULL;NULL;NULL;NULL;int
Person;2;Name;NULL;NULL;NULL;NULL;NULL;Name
Person;3;ModifiedDate;NULL;NULL;NULL;NULL;NULL;datetime
Person;1;StateProvinceID;NULL;NULL;NULL;NULL;NULL;int
Person;2;StateProvinceCode;NULL;NULL;NULL;NULL;NULL;nchar
Person;3;CountryRegionCode;>-;Person.CountryRegion;CountryRegionCode;1;FK_StateProvince_CountryRegion_CountryRegionCode;nvarchar
Person;4;IsOnlyStateProvinceFlag;NULL;NULL;NULL;NULL;NULL;Flag
Person;5;Name;NULL;NULL;NULL;NULL;NULL;Name
Person;6;TerritoryID;>-;Sales.SalesTerritory;TerritoryID;1;FK_StateProvince_SalesTerritory_TerritoryID;int
Person;7;rowguid;NULL;NULL;NULL;NULL;NULL;uniqueidentifier
Person;8;ModifiedDate;NULL;NULL;NULL;NULL;NULL;datetime
Production;1;BillOfMaterialsID;NULL;NULL;NULL;NULL;NULL;int
Production;2;ProductAssemblyID;>-;Production.Product;ProductID;1;FK_BillOfMaterials_Product_ProductAssemblyID;int
Production;3;ComponentID;>-;Production.Product;ProductID;1;FK_BillOfMaterials_Product_ComponentID;int
Production;4;StartDate;NULL;NULL;NULL;NULL;NULL;datetime
Production;5;EndDate;NULL;NULL;NULL;NULL;NULL;datetime
Production;6;UnitMeasureCode;>-;Production.UnitMeasure;UnitMeasureCode;1;FK_BillOfMaterials_UnitMeasure_UnitMeasureCode;nchar
Production;7;BOMLevel;NULL;NULL;NULL;NULL;NULL;smallint
Production;8;PerAssemblyQty;NULL;NULL;NULL;NULL;NULL;decimal
Production;9;ModifiedDate;NULL;NULL;NULL;NULL;NULL;datetime
Production;1;CultureID;NULL;NULL;NULL;NULL;NULL;nchar
Production;2;Name;NULL;NULL;NULL;NULL;NULL;Name
Production;3;ModifiedDate;NULL;NULL;NULL;NULL;NULL;datetime
Production;1;DocumentNode;NULL;NULL;NULL;NULL;NULL;hierarchyid
Production;2;DocumentLevel;NULL;NULL;NULL;NULL;NULL;smallint
Production;3;Title;NULL;NULL;NULL;NULL;NULL;nvarchar
Production;4;Owner;>-;HumanResources.Employee;BusinessEntityID;1;FK_Document_Employee_Owner;int
Production;5;FolderFlag;NULL;NULL;NULL;NULL;NULL;bit
Production;6;FileName;NULL;NULL;NULL;NULL;NULL;nvarchar
Production;7;FileExtension;NULL;NULL;NULL;NULL;NULL;nvarchar
Production;8;Revision;NULL;NULL;NULL;NULL;NULL;nchar
Production;9;ChangeNumber;NULL;NULL;NULL;NULL;NULL;int
Production;10;Status;NULL;NULL;NULL;NULL;NULL;tinyint
Production;11;DocumentSummary;NULL;NULL;NULL;NULL;NULL;nvarchar
Production;12;Document;NULL;NULL;NULL;NULL;NULL;varbinary
Production;13;rowguid;NULL;NULL;NULL;NULL;NULL;uniqueidentifier
Production;14;ModifiedDate;NULL;NULL;NULL;NULL;NULL;datetime
Production;1;IllustrationID;NULL;NULL;NULL;NULL;NULL;int
Production;2;Diagram;NULL;NULL;NULL;NULL;NULL;xml
Production;3;ModifiedDate;NULL;NULL;NULL;NULL;NULL;datetime
Production;1;LocationID;NULL;NULL;NULL;NULL;NULL;smallint
Production;2;Name;NULL;NULL;NULL;NULL;NULL;Name
Production;3;CostRate;NULL;NULL;NULL;NULL;NULL;smallmoney
Production;4;Availability;NULL;NULL;NULL;NULL;NULL;decimal
Production;5;ModifiedDate;NULL;NULL;NULL;NULL;NULL;datetime
Production;1;ProductID;NULL;NULL;NULL;NULL;NULL;int
Production;2;Name;NULL;NULL;NULL;NULL;NULL;Name
Production;3;ProductNumber;NULL;NULL;NULL;NULL;NULL;nvarchar
Production;4;MakeFlag;NULL;NULL;NULL;NULL;NULL;Flag
Production;5;FinishedGoodsFlag;NULL;NULL;NULL;NULL;NULL;Flag
Production;6;Color;NULL;NULL;NULL;NULL;NULL;nvarchar
Production;7;SafetyStockLevel;NULL;NULL;NULL;NULL;NULL;smallint
Production;8;ReorderPoint;NULL;NULL;NULL;NULL;NULL;smallint
Production;9;StandardCost;NULL;NULL;NULL;NULL;NULL;money
Production;10;ListPrice;NULL;NULL;NULL;NULL;NULL;money
Production;11;Size;NULL;NULL;NULL;NULL;NULL;nvarchar
Production;12;SizeUnitMeasureCode;>-;Production.UnitMeasure;UnitMeasureCode;1;FK_Product_UnitMeasure_SizeUnitMeasureCode;nchar
Production;13;WeightUnitMeasureCode;>-;Production.UnitMeasure;UnitMeasureCode;1;FK_Product_UnitMeasure_WeightUnitMeasureCode;nchar
Production;14;Weight;NULL;NULL;NULL;NULL;NULL;decimal
Production;15;DaysToManufacture;NULL;NULL;NULL;NULL;NULL;int
Production;16;ProductLine;NULL;NULL;NULL;NULL;NULL;nchar
Production;17;Class;NULL;NULL;NULL;NULL;NULL;nchar
Production;18;Style;NULL;NULL;NULL;NULL;NULL;nchar
Production;19;ProductSubcategoryID;>-;Production.ProductSubcategory;ProductSubcategoryID;1;FK_Product_ProductSubcategory_ProductSubcategoryID;int
Production;20;ProductModelID;>-;Production.ProductModel;ProductModelID;1;FK_Product_ProductModel_ProductModelID;int
Production;21;SellStartDate;NULL;NULL;NULL;NULL;NULL;datetime
Production;22;SellEndDate;NULL;NULL;NULL;NULL;NULL;datetime
Production;23;DiscontinuedDate;NULL;NULL;NULL;NULL;NULL;datetime
Production;24;rowguid;NULL;NULL;NULL;NULL;NULL;uniqueidentifier
Production;25;ModifiedDate;NULL;NULL;NULL;NULL;NULL;datetime
Production;1;ProductCategoryID;NULL;NULL;NULL;NULL;NULL;int
Production;2;Name;NULL;NULL;NULL;NULL;NULL;Name
Production;3;rowguid;NULL;NULL;NULL;NULL;NULL;uniqueidentifier
Production;4;ModifiedDate;NULL;NULL;NULL;NULL;NULL;datetime
Production;1;ProductID;>-;Production.Product;ProductID;1;FK_ProductCostHistory_Product_ProductID;int
Production;2;StartDate;NULL;NULL;NULL;NULL;NULL;datetime
Production;3;EndDate;NULL;NULL;NULL;NULL;NULL;datetime
Production;4;StandardCost;NULL;NULL;NULL;NULL;NULL;money
Production;5;ModifiedDate;NULL;NULL;NULL;NULL;NULL;datetime
Production;1;ProductDescriptionID;NULL;NULL;NULL;NULL;NULL;int
Production;2;Description;NULL;NULL;NULL;NULL;NULL;nvarchar
Production;3;rowguid;NULL;NULL;NULL;NULL;NULL;uniqueidentifier
Production;4;ModifiedDate;NULL;NULL;NULL;NULL;NULL;datetime
Production;1;ProductID;>-;Production.Product;ProductID;1;FK_ProductDocument_Product_ProductID;int
Production;2;DocumentNode;>-;Production.Document;DocumentNode;1;FK_ProductDocument_Document_DocumentNode;hierarchyid
Production;3;ModifiedDate;NULL;NULL;NULL;NULL;NULL;datetime
Production;1;ProductID;>-;Production.Product;ProductID;1;FK_ProductInventory_Product_ProductID;int
Production;2;LocationID;>-;Production.Location;LocationID;1;FK_ProductInventory_Location_LocationID;smallint
Production;3;Shelf;NULL;NULL;NULL;NULL;NULL;nvarchar
Production;4;Bin;NULL;NULL;NULL;NULL;NULL;tinyint
Production;5;Quantity;NULL;NULL;NULL;NULL;NULL;smallint
Production;6;rowguid;NULL;NULL;NULL;NULL;NULL;uniqueidentifier
Production;7;ModifiedDate;NULL;NULL;NULL;NULL;NULL;datetime
Production;1;ProductID;>-;Production.Product;ProductID;1;FK_ProductListPriceHistory_Product_ProductID;int
Production;2;StartDate;NULL;NULL;NULL;NULL;NULL;datetime
Production;3;EndDate;NULL;NULL;NULL;NULL;NULL;datetime
Production;4;ListPrice;NULL;NULL;NULL;NULL;NULL;money
Production;5;ModifiedDate;NULL;NULL;NULL;NULL;NULL;datetime
Production;1;ProductModelID;NULL;NULL;NULL;NULL;NULL;int
Production;2;Name;NULL;NULL;NULL;NULL;NULL;Name
Production;3;CatalogDescription;NULL;NULL;NULL;NULL;NULL;xml
Production;4;Instructions;NULL;NULL;NULL;NULL;NULL;xml
Production;5;rowguid;NULL;NULL;NULL;NULL;NULL;uniqueidentifier
Production;6;ModifiedDate;NULL;NULL;NULL;NULL;NULL;datetime
Production;1;ProductModelID;>-;Production.ProductModel;ProductModelID;1;FK_ProductModelIllustration_ProductModel_ProductModelID;int
Production;2;IllustrationID;>-;Production.Illustration;IllustrationID;1;FK_ProductModelIllustration_Illustration_IllustrationID;int
Production;3;ModifiedDate;NULL;NULL;NULL;NULL;NULL;datetime
Production;1;ProductModelID;>-;Production.ProductModel;ProductModelID;1;FK_ProductModelProductDescriptionCulture_ProductModel_ProductModelID;int
Production;2;ProductDescriptionID;>-;Production.ProductDescription;ProductDescriptionID;1;FK_ProductModelProductDescriptionCulture_ProductDescription_ProductDescriptionID;int
Production;3;CultureID;>-;Production.Culture;CultureID;1;FK_ProductModelProductDescriptionCulture_Culture_CultureID;nchar
Production;4;ModifiedDate;NULL;NULL;NULL;NULL;NULL;datetime
Production;1;ProductPhotoID;NULL;NULL;NULL;NULL;NULL;int
Production;2;ThumbNailPhoto;NULL;NULL;NULL;NULL;NULL;varbinary
Production;3;ThumbnailPhotoFileName;NULL;NULL;NULL;NULL;NULL;nvarchar
Production;4;LargePhoto;NULL;NULL;NULL;NULL;NULL;varbinary
Production;5;LargePhotoFileName;NULL;NULL;NULL;NULL;NULL;nvarchar
Production;6;ModifiedDate;NULL;NULL;NULL;NULL;NULL;datetime
Production;1;ProductID;>-;Production.Product;ProductID;1;FK_ProductProductPhoto_Product_ProductID;int
Production;2;ProductPhotoID;>-;Production.ProductPhoto;ProductPhotoID;1;FK_ProductProductPhoto_ProductPhoto_ProductPhotoID;int
Production;3;Primary;NULL;NULL;NULL;NULL;NULL;Flag
Production;4;ModifiedDate;NULL;NULL;NULL;NULL;NULL;datetime
Production;1;ProductReviewID;NULL;NULL;NULL;NULL;NULL;int
Production;2;ProductID;>-;Production.Product;ProductID;1;FK_ProductReview_Product_ProductID;int
Production;3;ReviewerName;NULL;NULL;NULL;NULL;NULL;Name
Production;4;ReviewDate;NULL;NULL;NULL;NULL;NULL;datetime
Production;5;EmailAddress;NULL;NULL;NULL;NULL;NULL;nvarchar
Production;6;Rating;NULL;NULL;NULL;NULL;NULL;int
Production;7;Comments;NULL;NULL;NULL;NULL;NULL;nvarchar
Production;8;ModifiedDate;NULL;NULL;NULL;NULL;NULL;datetime
Production;1;ProductSubcategoryID;NULL;NULL;NULL;NULL;NULL;int
Production;2;ProductCategoryID;>-;Production.ProductCategory;ProductCategoryID;1;FK_ProductSubcategory_ProductCategory_ProductCategoryID;int
Production;3;Name;NULL;NULL;NULL;NULL;NULL;Name
Production;4;rowguid;NULL;NULL;NULL;NULL;NULL;uniqueidentifier
Production;5;ModifiedDate;NULL;NULL;NULL;NULL;NULL;datetime
Production;1;ScrapReasonID;NULL;NULL;NULL;NULL;NULL;smallint
Production;2;Name;NULL;NULL;NULL;NULL;NULL;Name
Production;3;ModifiedDate;NULL;NULL;NULL;NULL;NULL;datetime
Production;1;TransactionID;NULL;NULL;NULL;NULL;NULL;int
Production;2;ProductID;>-;Production.Product;ProductID;1;FK_TransactionHistory_Product_ProductID;int
Production;3;ReferenceOrderID;NULL;NULL;NULL;NULL;NULL;int
Production;4;ReferenceOrderLineID;NULL;NULL;NULL;NULL;NULL;int
Production;5;TransactionDate;NULL;NULL;NULL;NULL;NULL;datetime
Production;6;TransactionType;NULL;NULL;NULL;NULL;NULL;nchar
Production;7;Quantity;NULL;NULL;NULL;NULL;NULL;int
Production;8;ActualCost;NULL;NULL;NULL;NULL;NULL;money
Production;9;ModifiedDate;NULL;NULL;NULL;NULL;NULL;datetime
Production;1;TransactionID;NULL;NULL;NULL;NULL;NULL;int
Production;2;ProductID;NULL;NULL;NULL;NULL;NULL;int
Production;3;ReferenceOrderID;NULL;NULL;NULL;NULL;NULL;int
Production;4;ReferenceOrderLineID;NULL;NULL;NULL;NULL;NULL;int
Production;5;TransactionDate;NULL;NULL;NULL;NULL;NULL;datetime
Production;6;TransactionType;NULL;NULL;NULL;NULL;NULL;nchar
Production;7;Quantity;NULL;NULL;NULL;NULL;NULL;int
Production;8;ActualCost;NULL;NULL;NULL;NULL;NULL;money
Production;9;ModifiedDate;NULL;NULL;NULL;NULL;NULL;datetime
Production;1;UnitMeasureCode;NULL;NULL;NULL;NULL;NULL;nchar
Production;2;Name;NULL;NULL;NULL;NULL;NULL;Name
Production;3;ModifiedDate;NULL;NULL;NULL;NULL;NULL;datetime
Production;1;WorkOrderID;NULL;NULL;NULL;NULL;NULL;int
Production;2;ProductID;>-;Production.Product;ProductID;1;FK_WorkOrder_Product_ProductID;int
Production;3;OrderQty;NULL;NULL;NULL;NULL;NULL;int
Production;4;StockedQty;NULL;NULL;NULL;NULL;NULL;int
Production;5;ScrappedQty;NULL;NULL;NULL;NULL;NULL;smallint
Production;6;StartDate;NULL;NULL;NULL;NULL;NULL;datetime
Production;7;EndDate;NULL;NULL;NULL;NULL;NULL;datetime
Production;8;DueDate;NULL;NULL;NULL;NULL;NULL;datetime
Production;9;ScrapReasonID;>-;Production.ScrapReason;ScrapReasonID;1;FK_WorkOrder_ScrapReason_ScrapReasonID;smallint
Production;10;ModifiedDate;NULL;NULL;NULL;NULL;NULL;datetime
Production;1;WorkOrderID;>-;Production.WorkOrder;WorkOrderID;1;FK_WorkOrderRouting_WorkOrder_WorkOrderID;int
Production;2;ProductID;NULL;NULL;NULL;NULL;NULL;int
Production;3;OperationSequence;NULL;NULL;NULL;NULL;NULL;smallint
Production;4;LocationID;>-;Production.Location;LocationID;1;FK_WorkOrderRouting_Location_LocationID;smallint
Production;5;ScheduledStartDate;NULL;NULL;NULL;NULL;NULL;datetime
Production;6;ScheduledEndDate;NULL;NULL;NULL;NULL;NULL;datetime
Production;7;ActualStartDate;NULL;NULL;NULL;NULL;NULL;datetime
Production;8;ActualEndDate;NULL;NULL;NULL;NULL;NULL;datetime
Production;9;ActualResourceHrs;NULL;NULL;NULL;NULL;NULL;decimal
Production;10;PlannedCost;NULL;NULL;NULL;NULL;NULL;money
Production;11;ActualCost;NULL;NULL;NULL;NULL;NULL;money
Production;12;ModifiedDate;NULL;NULL;NULL;NULL;NULL;datetime
Purchasing;1;ProductID;>-;Production.Product;ProductID;1;FK_ProductVendor_Product_ProductID;int
Purchasing;2;BusinessEntityID;>-;Purchasing.Vendor;BusinessEntityID;1;FK_ProductVendor_Vendor_BusinessEntityID;int
Purchasing;3;AverageLeadTime;NULL;NULL;NULL;NULL;NULL;int
Purchasing;4;StandardPrice;NULL;NULL;NULL;NULL;NULL;money
Purchasing;5;LastReceiptCost;NULL;NULL;NULL;NULL;NULL;money
Purchasing;6;LastReceiptDate;NULL;NULL;NULL;NULL;NULL;datetime
Purchasing;7;MinOrderQty;NULL;NULL;NULL;NULL;NULL;int
Purchasing;8;MaxOrderQty;NULL;NULL;NULL;NULL;NULL;int
Purchasing;9;OnOrderQty;NULL;NULL;NULL;NULL;NULL;int
Purchasing;10;UnitMeasureCode;>-;Production.UnitMeasure;UnitMeasureCode;1;FK_ProductVendor_UnitMeasure_UnitMeasureCode;nchar
Purchasing;11;ModifiedDate;NULL;NULL;NULL;NULL;NULL;datetime
Purchasing;1;PurchaseOrderID;>-;Purchasing.PurchaseOrderHeader;PurchaseOrderID;1;FK_PurchaseOrderDetail_PurchaseOrderHeader_PurchaseOrderID;int
Purchasing;2;PurchaseOrderDetailID;NULL;NULL;NULL;NULL;NULL;int
Purchasing;3;DueDate;NULL;NULL;NULL;NULL;NULL;datetime
Purchasing;4;OrderQty;NULL;NULL;NULL;NULL;NULL;smallint
Purchasing;5;ProductID;>-;Production.Product;ProductID;1;FK_PurchaseOrderDetail_Product_ProductID;int
Purchasing;6;UnitPrice;NULL;NULL;NULL;NULL;NULL;money
Purchasing;7;LineTotal;NULL;NULL;NULL;NULL;NULL;money
Purchasing;8;ReceivedQty;NULL;NULL;NULL;NULL;NULL;decimal
Purchasing;9;RejectedQty;NULL;NULL;NULL;NULL;NULL;decimal
Purchasing;10;StockedQty;NULL;NULL;NULL;NULL;NULL;decimal
Purchasing;11;ModifiedDate;NULL;NULL;NULL;NULL;NULL;datetime
Purchasing;1;PurchaseOrderID;NULL;NULL;NULL;NULL;NULL;int
Purchasing;2;RevisionNumber;NULL;NULL;NULL;NULL;NULL;tinyint
Purchasing;3;Status;NULL;NULL;NULL;NULL;NULL;tinyint
Purchasing;4;EmployeeID;>-;HumanResources.Employee;BusinessEntityID;1;FK_PurchaseOrderHeader_Employee_EmployeeID;int
Purchasing;5;VendorID;>-;Purchasing.Vendor;BusinessEntityID;1;FK_PurchaseOrderHeader_Vendor_VendorID;int
Purchasing;6;ShipMethodID;>-;Purchasing.ShipMethod;ShipMethodID;1;FK_PurchaseOrderHeader_ShipMethod_ShipMethodID;int
Purchasing;7;OrderDate;NULL;NULL;NULL;NULL;NULL;datetime
Purchasing;8;ShipDate;NULL;NULL;NULL;NULL;NULL;datetime
Purchasing;9;SubTotal;NULL;NULL;NULL;NULL;NULL;money
Purchasing;10;TaxAmt;NULL;NULL;NULL;NULL;NULL;money
Purchasing;11;Freight;NULL;NULL;NULL;NULL;NULL;money
Purchasing;12;TotalDue;NULL;NULL;NULL;NULL;NULL;money
Purchasing;13;ModifiedDate;NULL;NULL;NULL;NULL;NULL;datetime
Purchasing;1;ShipMethodID;NULL;NULL;NULL;NULL;NULL;int
Purchasing;2;Name;NULL;NULL;NULL;NULL;NULL;Name
Purchasing;3;ShipBase;NULL;NULL;NULL;NULL;NULL;money
Purchasing;4;ShipRate;NULL;NULL;NULL;NULL;NULL;money
Purchasing;5;rowguid;NULL;NULL;NULL;NULL;NULL;uniqueidentifier
Purchasing;6;ModifiedDate;NULL;NULL;NULL;NULL;NULL;datetime
Purchasing;1;BusinessEntityID;>-;Person.BusinessEntity;BusinessEntityID;1;FK_Vendor_BusinessEntity_BusinessEntityID;int
Purchasing;2;AccountNumber;NULL;NULL;NULL;NULL;NULL;AccountNumber
Purchasing;3;Name;NULL;NULL;NULL;NULL;NULL;Name
Purchasing;4;CreditRating;NULL;NULL;NULL;NULL;NULL;tinyint
Purchasing;5;PreferredVendorStatus;NULL;NULL;NULL;NULL;NULL;Flag
Purchasing;6;ActiveFlag;NULL;NULL;NULL;NULL;NULL;Flag
Purchasing;7;PurchasingWebServiceURL;NULL;NULL;NULL;NULL;NULL;nvarchar
Purchasing;8;ModifiedDate;NULL;NULL;NULL;NULL;NULL;datetime
Sales;1;CountryRegionCode;>-;Person.CountryRegion;CountryRegionCode;1;FK_CountryRegionCurrency_CountryRegion_CountryRegionCode;nvarchar
Sales;2;CurrencyCode;>-;Sales.Currency;CurrencyCode;1;FK_CountryRegionCurrency_Currency_CurrencyCode;nchar
Sales;3;ModifiedDate;NULL;NULL;NULL;NULL;NULL;datetime
Sales;1;CreditCardID;NULL;NULL;NULL;NULL;NULL;int
Sales;2;CardType;NULL;NULL;NULL;NULL;NULL;nvarchar
Sales;3;CardNumber;NULL;NULL;NULL;NULL;NULL;nvarchar
Sales;4;ExpMonth;NULL;NULL;NULL;NULL;NULL;tinyint
Sales;5;ExpYear;NULL;NULL;NULL;NULL;NULL;smallint
Sales;6;ModifiedDate;NULL;NULL;NULL;NULL;NULL;datetime
Sales;1;CurrencyCode;NULL;NULL;NULL;NULL;NULL;nchar
Sales;2;Name;NULL;NULL;NULL;NULL;NULL;Name
Sales;3;ModifiedDate;NULL;NULL;NULL;NULL;NULL;datetime
Sales;1;CurrencyRateID;NULL;NULL;NULL;NULL;NULL;int
Sales;2;CurrencyRateDate;NULL;NULL;NULL;NULL;NULL;datetime
Sales;3;FromCurrencyCode;>-;Sales.Currency;CurrencyCode;1;FK_CurrencyRate_Currency_FromCurrencyCode;nchar
Sales;4;ToCurrencyCode;>-;Sales.Currency;CurrencyCode;1;FK_CurrencyRate_Currency_ToCurrencyCode;nchar
Sales;5;AverageRate;NULL;NULL;NULL;NULL;NULL;money
Sales;6;EndOfDayRate;NULL;NULL;NULL;NULL;NULL;money
Sales;7;ModifiedDate;NULL;NULL;NULL;NULL;NULL;datetime
Sales;1;CustomerID;NULL;NULL;NULL;NULL;NULL;int
Sales;2;PersonID;>-;Person.Person;BusinessEntityID;1;FK_Customer_Person_PersonID;int
Sales;3;StoreID;>-;Sales.Store;BusinessEntityID;1;FK_Customer_Store_StoreID;int
Sales;4;TerritoryID;>-;Sales.SalesTerritory;TerritoryID;1;FK_Customer_SalesTerritory_TerritoryID;int
Sales;5;AccountNumber;NULL;NULL;NULL;NULL;NULL;varchar
Sales;6;rowguid;NULL;NULL;NULL;NULL;NULL;uniqueidentifier
Sales;7;ModifiedDate;NULL;NULL;NULL;NULL;NULL;datetime
Sales;1;BusinessEntityID;>-;Person.Person;BusinessEntityID;1;FK_PersonCreditCard_Person_BusinessEntityID;int
Sales;2;CreditCardID;>-;Sales.CreditCard;CreditCardID;1;FK_PersonCreditCard_CreditCard_CreditCardID;int
Sales;3;ModifiedDate;NULL;NULL;NULL;NULL;NULL;datetime
Sales;1;SalesOrderID;>-;Sales.SalesOrderHeader;SalesOrderID;1;FK_SalesOrderDetail_SalesOrderHeader_SalesOrderID;int
Sales;2;SalesOrderDetailID;NULL;NULL;NULL;NULL;NULL;int
Sales;3;CarrierTrackingNumber;NULL;NULL;NULL;NULL;NULL;nvarchar
Sales;4;OrderQty;NULL;NULL;NULL;NULL;NULL;smallint
Sales;5;ProductID;>-;Sales.SpecialOfferProduct;ProductID;2;FK_SalesOrderDetail_SpecialOfferProduct_SpecialOfferIDProductID;int
Sales;6;SpecialOfferID;>-;Sales.SpecialOfferProduct;SpecialOfferID;1;FK_SalesOrderDetail_SpecialOfferProduct_SpecialOfferIDProductID;int
Sales;7;UnitPrice;NULL;NULL;NULL;NULL;NULL;money
Sales;8;UnitPriceDiscount;NULL;NULL;NULL;NULL;NULL;money
Sales;9;LineTotal;NULL;NULL;NULL;NULL;NULL;numeric
Sales;10;rowguid;NULL;NULL;NULL;NULL;NULL;uniqueidentifier
Sales;11;ModifiedDate;NULL;NULL;NULL;NULL;NULL;datetime
Sales;1;SalesOrderID;NULL;NULL;NULL;NULL;NULL;int
Sales;2;RevisionNumber;NULL;NULL;NULL;NULL;NULL;tinyint
Sales;3;OrderDate;NULL;NULL;NULL;NULL;NULL;datetime
Sales;4;DueDate;NULL;NULL;NULL;NULL;NULL;datetime
Sales;5;ShipDate;NULL;NULL;NULL;NULL;NULL;datetime
Sales;6;Status;NULL;NULL;NULL;NULL;NULL;tinyint
Sales;7;OnlineOrderFlag;NULL;NULL;NULL;NULL;NULL;Flag
Sales;8;SalesOrderNumber;NULL;NULL;NULL;NULL;NULL;nvarchar
Sales;9;PurchaseOrderNumber;NULL;NULL;NULL;NULL;NULL;OrderNumber
Sales;10;AccountNumber;NULL;NULL;NULL;NULL;NULL;AccountNumber
Sales;11;CustomerID;>-;Sales.Customer;CustomerID;1;FK_SalesOrderHeader_Customer_CustomerID;int
Sales;12;SalesPersonID;>-;Sales.SalesPerson;BusinessEntityID;1;FK_SalesOrderHeader_SalesPerson_SalesPersonID;int
Sales;13;TerritoryID;>-;Sales.SalesTerritory;TerritoryID;1;FK_SalesOrderHeader_SalesTerritory_TerritoryID;int
Sales;14;BillToAddressID;>-;Person.Address;AddressID;1;FK_SalesOrderHeader_Address_BillToAddressID;int
Sales;15;ShipToAddressID;>-;Person.Address;AddressID;1;FK_SalesOrderHeader_Address_ShipToAddressID;int
Sales;16;ShipMethodID;>-;Purchasing.ShipMethod;ShipMethodID;1;FK_SalesOrderHeader_ShipMethod_ShipMethodID;int
Sales;17;CreditCardID;>-;Sales.CreditCard;CreditCardID;1;FK_SalesOrderHeader_CreditCard_CreditCardID;int
Sales;18;CreditCardApprovalCode;NULL;NULL;NULL;NULL;NULL;varchar
Sales;19;CurrencyRateID;>-;Sales.CurrencyRate;CurrencyRateID;1;FK_SalesOrderHeader_CurrencyRate_CurrencyRateID;int
Sales;20;SubTotal;NULL;NULL;NULL;NULL;NULL;money
Sales;21;TaxAmt;NULL;NULL;NULL;NULL;NULL;money
Sales;22;Freight;NULL;NULL;NULL;NULL;NULL;money
Sales;23;TotalDue;NULL;NULL;NULL;NULL;NULL;money
Sales;24;Comment;NULL;NULL;NULL;NULL;NULL;nvarchar
Sales;25;rowguid;NULL;NULL;NULL;NULL;NULL;uniqueidentifier
Sales;26;ModifiedDate;NULL;NULL;NULL;NULL;NULL;datetime
Sales;1;SalesOrderID;>-;Sales.SalesOrderHeader;SalesOrderID;1;FK_SalesOrderHeaderSalesReason_SalesOrderHeader_SalesOrderID;int
Sales;2;SalesReasonID;>-;Sales.SalesReason;SalesReasonID;1;FK_SalesOrderHeaderSalesReason_SalesReason_SalesReasonID;int
Sales;3;ModifiedDate;NULL;NULL;NULL;NULL;NULL;datetime
Sales;1;BusinessEntityID;>-;HumanResources.Employee;BusinessEntityID;1;FK_SalesPerson_Employee_BusinessEntityID;int
Sales;2;TerritoryID;>-;Sales.SalesTerritory;TerritoryID;1;FK_SalesPerson_SalesTerritory_TerritoryID;int
Sales;3;SalesQuota;NULL;NULL;NULL;NULL;NULL;money
Sales;4;Bonus;NULL;NULL;NULL;NULL;NULL;money
Sales;5;CommissionPct;NULL;NULL;NULL;NULL;NULL;smallmoney
Sales;6;SalesYTD;NULL;NULL;NULL;NULL;NULL;money
Sales;7;SalesLastYear;NULL;NULL;NULL;NULL;NULL;money
Sales;8;rowguid;NULL;NULL;NULL;NULL;NULL;uniqueidentifier
Sales;9;ModifiedDate;NULL;NULL;NULL;NULL;NULL;datetime
Sales;1;BusinessEntityID;>-;Sales.SalesPerson;BusinessEntityID;1;FK_SalesPersonQuotaHistory_SalesPerson_BusinessEntityID;int
Sales;2;QuotaDate;NULL;NULL;NULL;NULL;NULL;datetime
Sales;3;SalesQuota;NULL;NULL;NULL;NULL;NULL;money
Sales;4;rowguid;NULL;NULL;NULL;NULL;NULL;uniqueidentifier
Sales;5;ModifiedDate;NULL;NULL;NULL;NULL;NULL;datetime
Sales;1;SalesReasonID;NULL;NULL;NULL;NULL;NULL;int
Sales;2;Name;NULL;NULL;NULL;NULL;NULL;Name
Sales;3;ReasonType;NULL;NULL;NULL;NULL;NULL;Name
Sales;4;ModifiedDate;NULL;NULL;NULL;NULL;NULL;datetime
Sales;1;SalesTaxRateID;NULL;NULL;NULL;NULL;NULL;int
Sales;2;StateProvinceID;>-;Person.StateProvince;StateProvinceID;1;FK_SalesTaxRate_StateProvince_StateProvinceID;int
Sales;3;TaxType;NULL;NULL;NULL;NULL;NULL;tinyint
Sales;4;TaxRate;NULL;NULL;NULL;NULL;NULL;smallmoney
Sales;5;Name;NULL;NULL;NULL;NULL;NULL;Name
Sales;6;rowguid;NULL;NULL;NULL;NULL;NULL;uniqueidentifier
Sales;7;ModifiedDate;NULL;NULL;NULL;NULL;NULL;datetime
Sales;1;TerritoryID;NULL;NULL;NULL;NULL;NULL;int
Sales;2;Name;NULL;NULL;NULL;NULL;NULL;Name
Sales;3;CountryRegionCode;>-;Person.CountryRegion;CountryRegionCode;1;FK_SalesTerritory_CountryRegion_CountryRegionCode;nvarchar
Sales;4;Group;NULL;NULL;NULL;NULL;NULL;nvarchar
Sales;5;SalesYTD;NULL;NULL;NULL;NULL;NULL;money
Sales;6;SalesLastYear;NULL;NULL;NULL;NULL;NULL;money
Sales;7;CostYTD;NULL;NULL;NULL;NULL;NULL;money
Sales;8;CostLastYear;NULL;NULL;NULL;NULL;NULL;money
Sales;9;rowguid;NULL;NULL;NULL;NULL;NULL;uniqueidentifier
Sales;10;ModifiedDate;NULL;NULL;NULL;NULL;NULL;datetime
Sales;1;BusinessEntityID;>-;Sales.SalesPerson;BusinessEntityID;1;FK_SalesTerritoryHistory_SalesPerson_BusinessEntityID;int
Sales;2;TerritoryID;>-;Sales.SalesTerritory;TerritoryID;1;FK_SalesTerritoryHistory_SalesTerritory_TerritoryID;int
Sales;3;StartDate;NULL;NULL;NULL;NULL;NULL;datetime
Sales;4;EndDate;NULL;NULL;NULL;NULL;NULL;datetime
Sales;5;rowguid;NULL;NULL;NULL;NULL;NULL;uniqueidentifier
Sales;6;ModifiedDate;NULL;NULL;NULL;NULL;NULL;datetime
Sales;1;ShoppingCartItemID;NULL;NULL;NULL;NULL;NULL;int
Sales;2;ShoppingCartID;NULL;NULL;NULL;NULL;NULL;nvarchar
Sales;3;Quantity;NULL;NULL;NULL;NULL;NULL;int
Sales;4;ProductID;>-;Production.Product;ProductID;1;FK_ShoppingCartItem_Product_ProductID;int
Sales;5;DateCreated;NULL;NULL;NULL;NULL;NULL;datetime
Sales;6;ModifiedDate;NULL;NULL;NULL;NULL;NULL;datetime
Sales;1;SpecialOfferID;NULL;NULL;NULL;NULL;NULL;int
Sales;2;Description;NULL;NULL;NULL;NULL;NULL;nvarchar
Sales;3;DiscountPct;NULL;NULL;NULL;NULL;NULL;smallmoney
Sales;4;Type;NULL;NULL;NULL;NULL;NULL;nvarchar
Sales;5;Category;NULL;NULL;NULL;NULL;NULL;nvarchar
Sales;6;StartDate;NULL;NULL;NULL;NULL;NULL;datetime
Sales;7;EndDate;NULL;NULL;NULL;NULL;NULL;datetime
Sales;8;MinQty;NULL;NULL;NULL;NULL;NULL;int
Sales;9;MaxQty;NULL;NULL;NULL;NULL;NULL;int
Sales;10;rowguid;NULL;NULL;NULL;NULL;NULL;uniqueidentifier
Sales;11;ModifiedDate;NULL;NULL;NULL;NULL;NULL;datetime
Sales;1;SpecialOfferID;>-;Sales.SpecialOffer;SpecialOfferID;1;FK_SpecialOfferProduct_SpecialOffer_SpecialOfferID;int
Sales;2;ProductID;>-;Production.Product;ProductID;1;FK_SpecialOfferProduct_Product_ProductID;int
Sales;3;rowguid;NULL;NULL;NULL;NULL;NULL;uniqueidentifier
Sales;4;ModifiedDate;NULL;NULL;NULL;NULL;NULL;datetime
Sales;1;BusinessEntityID;>-;Person.BusinessEntity;BusinessEntityID;1;FK_Store_BusinessEntity_BusinessEntityID;int
Sales;2;Name;NULL;NULL;NULL;NULL;NULL;Name
Sales;3;SalesPersonID;>-;Sales.SalesPerson;BusinessEntityID;1;FK_Store_SalesPerson_SalesPersonID;int
Sales;4;Demographics;NULL;NULL;NULL;NULL;NULL;xml
Sales;5;rowguid;NULL;NULL;NULL;NULL;NULL;uniqueidentifier
Sales;6;ModifiedDate;NULL;NULL;NULL;NULL;NULL;datetime
