Schema;Table;schematable;Column_ID;Column;constraint;primary table;pk column name;constraint column;foreign key constraint;domain
dbo;AWBuildVersion;dboAWBuildVersion;1;SystemInformationID;NULL;NULL;NULL;NULL;NULL;tinyint
dbo;AWBuildVersion;dboAWBuildVersion;2;Database Version;NULL;NULL;NULL;NULL;NULL;nvarchar
dbo;AWBuildVersion;dboAWBuildVersion;2;Database Version;NULL;NULL;NULL;NULL;NULL;sysname
dbo;AWBuildVersion;dboAWBuildVersion;2;Database Version;NULL;NULL;NULL;NULL;NULL;AccountNumber
dbo;AWBuildVersion;dboAWBuildVersion;2;Database Version;NULL;NULL;NULL;NULL;NULL;Name
dbo;AWBuildVersion;dboAWBuildVersion;2;Database Version;NULL;NULL;NULL;NULL;NULL;OrderNumber
dbo;AWBuildVersion;dboAWBuildVersion;2;Database Version;NULL;NULL;NULL;NULL;NULL;Phone
dbo;AWBuildVersion;dboAWBuildVersion;3;VersionDate;NULL;NULL;NULL;NULL;NULL;datetime
dbo;AWBuildVersion;dboAWBuildVersion;4;ModifiedDate;NULL;NULL;NULL;NULL;NULL;datetime
dbo;DatabaseLog;dboDatabaseLog;1;DatabaseLogID;NULL;NULL;NULL;NULL;NULL;int
dbo;DatabaseLog;dboDatabaseLog;2;PostTime;NULL;NULL;NULL;NULL;NULL;datetime
dbo;DatabaseLog;dboDatabaseLog;3;DatabaseUser;NULL;NULL;NULL;NULL;NULL;nvarchar
dbo;DatabaseLog;dboDatabaseLog;3;DatabaseUser;NULL;NULL;NULL;NULL;NULL;sysname
dbo;DatabaseLog;dboDatabaseLog;3;DatabaseUser;NULL;NULL;NULL;NULL;NULL;AccountNumber
dbo;DatabaseLog;dboDatabaseLog;3;DatabaseUser;NULL;NULL;NULL;NULL;NULL;Name
dbo;DatabaseLog;dboDatabaseLog;3;DatabaseUser;NULL;NULL;NULL;NULL;NULL;OrderNumber
dbo;DatabaseLog;dboDatabaseLog;3;DatabaseUser;NULL;NULL;NULL;NULL;NULL;Phone
dbo;DatabaseLog;dboDatabaseLog;4;Event;NULL;NULL;NULL;NULL;NULL;nvarchar
dbo;DatabaseLog;dboDatabaseLog;4;Event;NULL;NULL;NULL;NULL;NULL;sysname
dbo;DatabaseLog;dboDatabaseLog;4;Event;NULL;NULL;NULL;NULL;NULL;AccountNumber
dbo;DatabaseLog;dboDatabaseLog;4;Event;NULL;NULL;NULL;NULL;NULL;Name
dbo;DatabaseLog;dboDatabaseLog;4;Event;NULL;NULL;NULL;NULL;NULL;OrderNumber
dbo;DatabaseLog;dboDatabaseLog;4;Event;NULL;NULL;NULL;NULL;NULL;Phone
dbo;DatabaseLog;dboDatabaseLog;5;Schema;NULL;NULL;NULL;NULL;NULL;nvarchar
dbo;DatabaseLog;dboDatabaseLog;5;Schema;NULL;NULL;NULL;NULL;NULL;sysname
dbo;DatabaseLog;dboDatabaseLog;5;Schema;NULL;NULL;NULL;NULL;NULL;AccountNumber
dbo;DatabaseLog;dboDatabaseLog;5;Schema;NULL;NULL;NULL;NULL;NULL;Name
dbo;DatabaseLog;dboDatabaseLog;5;Schema;NULL;NULL;NULL;NULL;NULL;OrderNumber
dbo;DatabaseLog;dboDatabaseLog;5;Schema;NULL;NULL;NULL;NULL;NULL;Phone
dbo;DatabaseLog;dboDatabaseLog;6;Object;NULL;NULL;NULL;NULL;NULL;nvarchar
dbo;DatabaseLog;dboDatabaseLog;6;Object;NULL;NULL;NULL;NULL;NULL;sysname
dbo;DatabaseLog;dboDatabaseLog;6;Object;NULL;NULL;NULL;NULL;NULL;AccountNumber
dbo;DatabaseLog;dboDatabaseLog;6;Object;NULL;NULL;NULL;NULL;NULL;Name
dbo;DatabaseLog;dboDatabaseLog;6;Object;NULL;NULL;NULL;NULL;NULL;OrderNumber
dbo;DatabaseLog;dboDatabaseLog;6;Object;NULL;NULL;NULL;NULL;NULL;Phone
dbo;DatabaseLog;dboDatabaseLog;7;TSQL;NULL;NULL;NULL;NULL;NULL;nvarchar
dbo;DatabaseLog;dboDatabaseLog;7;TSQL;NULL;NULL;NULL;NULL;NULL;sysname
dbo;DatabaseLog;dboDatabaseLog;7;TSQL;NULL;NULL;NULL;NULL;NULL;AccountNumber
dbo;DatabaseLog;dboDatabaseLog;7;TSQL;NULL;NULL;NULL;NULL;NULL;Name
dbo;DatabaseLog;dboDatabaseLog;7;TSQL;NULL;NULL;NULL;NULL;NULL;OrderNumber
dbo;DatabaseLog;dboDatabaseLog;7;TSQL;NULL;NULL;NULL;NULL;NULL;Phone
dbo;DatabaseLog;dboDatabaseLog;8;XmlEvent;NULL;NULL;NULL;NULL;NULL;xml
dbo;ErrorLog;dboErrorLog;1;ErrorLogID;NULL;NULL;NULL;NULL;NULL;int
dbo;ErrorLog;dboErrorLog;2;ErrorTime;NULL;NULL;NULL;NULL;NULL;datetime
dbo;ErrorLog;dboErrorLog;3;UserName;NULL;NULL;NULL;NULL;NULL;nvarchar
dbo;ErrorLog;dboErrorLog;3;UserName;NULL;NULL;NULL;NULL;NULL;sysname
dbo;ErrorLog;dboErrorLog;3;UserName;NULL;NULL;NULL;NULL;NULL;AccountNumber
dbo;ErrorLog;dboErrorLog;3;UserName;NULL;NULL;NULL;NULL;NULL;Name
dbo;ErrorLog;dboErrorLog;3;UserName;NULL;NULL;NULL;NULL;NULL;OrderNumber
dbo;ErrorLog;dboErrorLog;3;UserName;NULL;NULL;NULL;NULL;NULL;Phone
dbo;ErrorLog;dboErrorLog;4;ErrorNumber;NULL;NULL;NULL;NULL;NULL;int
dbo;ErrorLog;dboErrorLog;5;ErrorSeverity;NULL;NULL;NULL;NULL;NULL;int
dbo;ErrorLog;dboErrorLog;6;ErrorState;NULL;NULL;NULL;NULL;NULL;int
dbo;ErrorLog;dboErrorLog;7;ErrorProcedure;NULL;NULL;NULL;NULL;NULL;nvarchar
dbo;ErrorLog;dboErrorLog;7;ErrorProcedure;NULL;NULL;NULL;NULL;NULL;sysname
dbo;ErrorLog;dboErrorLog;7;ErrorProcedure;NULL;NULL;NULL;NULL;NULL;AccountNumber
dbo;ErrorLog;dboErrorLog;7;ErrorProcedure;NULL;NULL;NULL;NULL;NULL;Name
dbo;ErrorLog;dboErrorLog;7;ErrorProcedure;NULL;NULL;NULL;NULL;NULL;OrderNumber
dbo;ErrorLog;dboErrorLog;7;ErrorProcedure;NULL;NULL;NULL;NULL;NULL;Phone
dbo;ErrorLog;dboErrorLog;8;ErrorLine;NULL;NULL;NULL;NULL;NULL;int
dbo;ErrorLog;dboErrorLog;9;ErrorMessage;NULL;NULL;NULL;NULL;NULL;nvarchar
dbo;ErrorLog;dboErrorLog;9;ErrorMessage;NULL;NULL;NULL;NULL;NULL;sysname
dbo;ErrorLog;dboErrorLog;9;ErrorMessage;NULL;NULL;NULL;NULL;NULL;AccountNumber
dbo;ErrorLog;dboErrorLog;9;ErrorMessage;NULL;NULL;NULL;NULL;NULL;Name
dbo;ErrorLog;dboErrorLog;9;ErrorMessage;NULL;NULL;NULL;NULL;NULL;OrderNumber
dbo;ErrorLog;dboErrorLog;9;ErrorMessage;NULL;NULL;NULL;NULL;NULL;Phone
dbo;sysdiagrams;dbosysdiagrams;1;name;NULL;NULL;NULL;NULL;NULL;nvarchar
dbo;sysdiagrams;dbosysdiagrams;1;name;NULL;NULL;NULL;NULL;NULL;sysname
dbo;sysdiagrams;dbosysdiagrams;1;name;NULL;NULL;NULL;NULL;NULL;AccountNumber
dbo;sysdiagrams;dbosysdiagrams;1;name;NULL;NULL;NULL;NULL;NULL;Name
dbo;sysdiagrams;dbosysdiagrams;1;name;NULL;NULL;NULL;NULL;NULL;OrderNumber
dbo;sysdiagrams;dbosysdiagrams;1;name;NULL;NULL;NULL;NULL;NULL;Phone
dbo;sysdiagrams;dbosysdiagrams;2;principal_id;NULL;NULL;NULL;NULL;NULL;int
dbo;sysdiagrams;dbosysdiagrams;3;diagram_id;NULL;NULL;NULL;NULL;NULL;int
dbo;sysdiagrams;dbosysdiagrams;4;version;NULL;NULL;NULL;NULL;NULL;int
dbo;sysdiagrams;dbosysdiagrams;5;definition;NULL;NULL;NULL;NULL;NULL;varbinary
HumanResources;Department;HumanResourcesDepartment;1;DepartmentID;NULL;NULL;NULL;NULL;NULL;smallint
HumanResources;Department;HumanResourcesDepartment;2;Name;NULL;NULL;NULL;NULL;NULL;nvarchar
HumanResources;Department;HumanResourcesDepartment;2;Name;NULL;NULL;NULL;NULL;NULL;sysname
HumanResources;Department;HumanResourcesDepartment;2;Name;NULL;NULL;NULL;NULL;NULL;AccountNumber
HumanResources;Department;HumanResourcesDepartment;2;Name;NULL;NULL;NULL;NULL;NULL;Name
HumanResources;Department;HumanResourcesDepartment;2;Name;NULL;NULL;NULL;NULL;NULL;OrderNumber
HumanResources;Department;HumanResourcesDepartment;2;Name;NULL;NULL;NULL;NULL;NULL;Phone
HumanResources;Department;HumanResourcesDepartment;3;GroupName;NULL;NULL;NULL;NULL;NULL;nvarchar
HumanResources;Department;HumanResourcesDepartment;3;GroupName;NULL;NULL;NULL;NULL;NULL;sysname
HumanResources;Department;HumanResourcesDepartment;3;GroupName;NULL;NULL;NULL;NULL;NULL;AccountNumber
HumanResources;Department;HumanResourcesDepartment;3;GroupName;NULL;NULL;NULL;NULL;NULL;Name
HumanResources;Department;HumanResourcesDepartment;3;GroupName;NULL;NULL;NULL;NULL;NULL;OrderNumber
HumanResources;Department;HumanResourcesDepartment;3;GroupName;NULL;NULL;NULL;NULL;NULL;Phone
HumanResources;Department;HumanResourcesDepartment;4;ModifiedDate;NULL;NULL;NULL;NULL;NULL;datetime
HumanResources;Employee;HumanResourcesEmployee;1;BusinessEntityID;>-;Person.Person;BusinessEntityID;1;FK_Employee_Person_BusinessEntityID;int
HumanResources;Employee;HumanResourcesEmployee;2;NationalIDNumber;NULL;NULL;NULL;NULL;NULL;nvarchar
HumanResources;Employee;HumanResourcesEmployee;2;NationalIDNumber;NULL;NULL;NULL;NULL;NULL;sysname
HumanResources;Employee;HumanResourcesEmployee;2;NationalIDNumber;NULL;NULL;NULL;NULL;NULL;AccountNumber
HumanResources;Employee;HumanResourcesEmployee;2;NationalIDNumber;NULL;NULL;NULL;NULL;NULL;Name
HumanResources;Employee;HumanResourcesEmployee;2;NationalIDNumber;NULL;NULL;NULL;NULL;NULL;OrderNumber
HumanResources;Employee;HumanResourcesEmployee;2;NationalIDNumber;NULL;NULL;NULL;NULL;NULL;Phone
HumanResources;Employee;HumanResourcesEmployee;3;LoginID;NULL;NULL;NULL;NULL;NULL;nvarchar
HumanResources;Employee;HumanResourcesEmployee;3;LoginID;NULL;NULL;NULL;NULL;NULL;sysname
HumanResources;Employee;HumanResourcesEmployee;3;LoginID;NULL;NULL;NULL;NULL;NULL;AccountNumber
HumanResources;Employee;HumanResourcesEmployee;3;LoginID;NULL;NULL;NULL;NULL;NULL;Name
HumanResources;Employee;HumanResourcesEmployee;3;LoginID;NULL;NULL;NULL;NULL;NULL;OrderNumber
HumanResources;Employee;HumanResourcesEmployee;3;LoginID;NULL;NULL;NULL;NULL;NULL;Phone
HumanResources;Employee;HumanResourcesEmployee;4;OrganizationNode;NULL;NULL;NULL;NULL;NULL;hierarchyid
HumanResources;Employee;HumanResourcesEmployee;4;OrganizationNode;NULL;NULL;NULL;NULL;NULL;geometry
HumanResources;Employee;HumanResourcesEmployee;4;OrganizationNode;NULL;NULL;NULL;NULL;NULL;geography
HumanResources;Employee;HumanResourcesEmployee;5;OrganizationLevel;NULL;NULL;NULL;NULL;NULL;smallint
HumanResources;Employee;HumanResourcesEmployee;6;JobTitle;NULL;NULL;NULL;NULL;NULL;nvarchar
HumanResources;Employee;HumanResourcesEmployee;6;JobTitle;NULL;NULL;NULL;NULL;NULL;sysname
HumanResources;Employee;HumanResourcesEmployee;6;JobTitle;NULL;NULL;NULL;NULL;NULL;AccountNumber
HumanResources;Employee;HumanResourcesEmployee;6;JobTitle;NULL;NULL;NULL;NULL;NULL;Name
HumanResources;Employee;HumanResourcesEmployee;6;JobTitle;NULL;NULL;NULL;NULL;NULL;OrderNumber
HumanResources;Employee;HumanResourcesEmployee;6;JobTitle;NULL;NULL;NULL;NULL;NULL;Phone
HumanResources;Employee;HumanResourcesEmployee;7;BirthDate;NULL;NULL;NULL;NULL;NULL;date
HumanResources;Employee;HumanResourcesEmployee;8;MaritalStatus;NULL;NULL;NULL;NULL;NULL;nchar
HumanResources;Employee;HumanResourcesEmployee;9;Gender;NULL;NULL;NULL;NULL;NULL;nchar
HumanResources;Employee;HumanResourcesEmployee;10;HireDate;NULL;NULL;NULL;NULL;NULL;date
HumanResources;Employee;HumanResourcesEmployee;11;SalariedFlag;NULL;NULL;NULL;NULL;NULL;bit
HumanResources;Employee;HumanResourcesEmployee;11;SalariedFlag;NULL;NULL;NULL;NULL;NULL;Flag
HumanResources;Employee;HumanResourcesEmployee;11;SalariedFlag;NULL;NULL;NULL;NULL;NULL;NameStyle
HumanResources;Employee;HumanResourcesEmployee;12;VacationHours;NULL;NULL;NULL;NULL;NULL;smallint
HumanResources;Employee;HumanResourcesEmployee;13;SickLeaveHours;NULL;NULL;NULL;NULL;NULL;smallint
HumanResources;Employee;HumanResourcesEmployee;14;CurrentFlag;NULL;NULL;NULL;NULL;NULL;bit
HumanResources;Employee;HumanResourcesEmployee;14;CurrentFlag;NULL;NULL;NULL;NULL;NULL;Flag
HumanResources;Employee;HumanResourcesEmployee;14;CurrentFlag;NULL;NULL;NULL;NULL;NULL;NameStyle
HumanResources;Employee;HumanResourcesEmployee;15;rowguid;NULL;NULL;NULL;NULL;NULL;uniqueidentifier
HumanResources;Employee;HumanResourcesEmployee;16;ModifiedDate;NULL;NULL;NULL;NULL;NULL;datetime
HumanResources;EmployeeDepartmentHistory;HumanResourcesEmployeeDepartmentHistory;1;BusinessEntityID;>-;HumanResources.Employee;BusinessEntityID;1;FK_EmployeeDepartmentHistory_Employee_BusinessEntityID;int
HumanResources;EmployeeDepartmentHistory;HumanResourcesEmployeeDepartmentHistory;2;DepartmentID;>-;HumanResources.Department;DepartmentID;1;FK_EmployeeDepartmentHistory_Department_DepartmentID;smallint
HumanResources;EmployeeDepartmentHistory;HumanResourcesEmployeeDepartmentHistory;3;ShiftID;>-;HumanResources.Shift;ShiftID;1;FK_EmployeeDepartmentHistory_Shift_ShiftID;tinyint
HumanResources;EmployeeDepartmentHistory;HumanResourcesEmployeeDepartmentHistory;4;StartDate;NULL;NULL;NULL;NULL;NULL;date
HumanResources;EmployeeDepartmentHistory;HumanResourcesEmployeeDepartmentHistory;5;EndDate;NULL;NULL;NULL;NULL;NULL;date
HumanResources;EmployeeDepartmentHistory;HumanResourcesEmployeeDepartmentHistory;6;ModifiedDate;NULL;NULL;NULL;NULL;NULL;datetime
HumanResources;EmployeePayHistory;HumanResourcesEmployeePayHistory;1;BusinessEntityID;>-;HumanResources.Employee;BusinessEntityID;1;FK_EmployeePayHistory_Employee_BusinessEntityID;int
HumanResources;EmployeePayHistory;HumanResourcesEmployeePayHistory;2;RateChangeDate;NULL;NULL;NULL;NULL;NULL;datetime
HumanResources;EmployeePayHistory;HumanResourcesEmployeePayHistory;3;Rate;NULL;NULL;NULL;NULL;NULL;money
HumanResources;EmployeePayHistory;HumanResourcesEmployeePayHistory;4;PayFrequency;NULL;NULL;NULL;NULL;NULL;tinyint
HumanResources;EmployeePayHistory;HumanResourcesEmployeePayHistory;5;ModifiedDate;NULL;NULL;NULL;NULL;NULL;datetime
HumanResources;JobCandidate;HumanResourcesJobCandidate;1;JobCandidateID;NULL;NULL;NULL;NULL;NULL;int
HumanResources;JobCandidate;HumanResourcesJobCandidate;2;BusinessEntityID;>-;HumanResources.Employee;BusinessEntityID;1;FK_JobCandidate_Employee_BusinessEntityID;int
HumanResources;JobCandidate;HumanResourcesJobCandidate;3;Resume;NULL;NULL;NULL;NULL;NULL;xml
HumanResources;JobCandidate;HumanResourcesJobCandidate;4;ModifiedDate;NULL;NULL;NULL;NULL;NULL;datetime
HumanResources;Shift;HumanResourcesShift;1;ShiftID;NULL;NULL;NULL;NULL;NULL;tinyint
HumanResources;Shift;HumanResourcesShift;2;Name;NULL;NULL;NULL;NULL;NULL;nvarchar
HumanResources;Shift;HumanResourcesShift;2;Name;NULL;NULL;NULL;NULL;NULL;sysname
HumanResources;Shift;HumanResourcesShift;2;Name;NULL;NULL;NULL;NULL;NULL;AccountNumber
HumanResources;Shift;HumanResourcesShift;2;Name;NULL;NULL;NULL;NULL;NULL;Name
HumanResources;Shift;HumanResourcesShift;2;Name;NULL;NULL;NULL;NULL;NULL;OrderNumber
HumanResources;Shift;HumanResourcesShift;2;Name;NULL;NULL;NULL;NULL;NULL;Phone
HumanResources;Shift;HumanResourcesShift;3;StartTime;NULL;NULL;NULL;NULL;NULL;time
HumanResources;Shift;HumanResourcesShift;4;EndTime;NULL;NULL;NULL;NULL;NULL;time
HumanResources;Shift;HumanResourcesShift;5;ModifiedDate;NULL;NULL;NULL;NULL;NULL;datetime
Person;Address;PersonAddress;1;AddressID;NULL;NULL;NULL;NULL;NULL;int
Person;Address;PersonAddress;2;AddressLine1;NULL;NULL;NULL;NULL;NULL;nvarchar
Person;Address;PersonAddress;2;AddressLine1;NULL;NULL;NULL;NULL;NULL;sysname
Person;Address;PersonAddress;2;AddressLine1;NULL;NULL;NULL;NULL;NULL;AccountNumber
Person;Address;PersonAddress;2;AddressLine1;NULL;NULL;NULL;NULL;NULL;Name
Person;Address;PersonAddress;2;AddressLine1;NULL;NULL;NULL;NULL;NULL;OrderNumber
Person;Address;PersonAddress;2;AddressLine1;NULL;NULL;NULL;NULL;NULL;Phone
Person;Address;PersonAddress;3;AddressLine2;NULL;NULL;NULL;NULL;NULL;nvarchar
Person;Address;PersonAddress;3;AddressLine2;NULL;NULL;NULL;NULL;NULL;sysname
Person;Address;PersonAddress;3;AddressLine2;NULL;NULL;NULL;NULL;NULL;AccountNumber
Person;Address;PersonAddress;3;AddressLine2;NULL;NULL;NULL;NULL;NULL;Name
Person;Address;PersonAddress;3;AddressLine2;NULL;NULL;NULL;NULL;NULL;OrderNumber
Person;Address;PersonAddress;3;AddressLine2;NULL;NULL;NULL;NULL;NULL;Phone
Person;Address;PersonAddress;4;City;NULL;NULL;NULL;NULL;NULL;nvarchar
Person;Address;PersonAddress;4;City;NULL;NULL;NULL;NULL;NULL;sysname
Person;Address;PersonAddress;4;City;NULL;NULL;NULL;NULL;NULL;AccountNumber
Person;Address;PersonAddress;4;City;NULL;NULL;NULL;NULL;NULL;Name
Person;Address;PersonAddress;4;City;NULL;NULL;NULL;NULL;NULL;OrderNumber
Person;Address;PersonAddress;4;City;NULL;NULL;NULL;NULL;NULL;Phone
Person;Address;PersonAddress;5;StateProvinceID;>-;Person.StateProvince;StateProvinceID;1;FK_Address_StateProvince_StateProvinceID;int
Person;Address;PersonAddress;6;PostalCode;NULL;NULL;NULL;NULL;NULL;nvarchar
Person;Address;PersonAddress;6;PostalCode;NULL;NULL;NULL;NULL;NULL;sysname
Person;Address;PersonAddress;6;PostalCode;NULL;NULL;NULL;NULL;NULL;AccountNumber
Person;Address;PersonAddress;6;PostalCode;NULL;NULL;NULL;NULL;NULL;Name
Person;Address;PersonAddress;6;PostalCode;NULL;NULL;NULL;NULL;NULL;OrderNumber
Person;Address;PersonAddress;6;PostalCode;NULL;NULL;NULL;NULL;NULL;Phone
Person;Address;PersonAddress;7;SpatialLocation;NULL;NULL;NULL;NULL;NULL;hierarchyid
Person;Address;PersonAddress;7;SpatialLocation;NULL;NULL;NULL;NULL;NULL;geometry
Person;Address;PersonAddress;7;SpatialLocation;NULL;NULL;NULL;NULL;NULL;geography
Person;Address;PersonAddress;8;rowguid;NULL;NULL;NULL;NULL;NULL;uniqueidentifier
Person;Address;PersonAddress;9;ModifiedDate;NULL;NULL;NULL;NULL;NULL;datetime
Person;AddressType;PersonAddressType;1;AddressTypeID;NULL;NULL;NULL;NULL;NULL;int
Person;AddressType;PersonAddressType;2;Name;NULL;NULL;NULL;NULL;NULL;nvarchar
Person;AddressType;PersonAddressType;2;Name;NULL;NULL;NULL;NULL;NULL;sysname
Person;AddressType;PersonAddressType;2;Name;NULL;NULL;NULL;NULL;NULL;AccountNumber
Person;AddressType;PersonAddressType;2;Name;NULL;NULL;NULL;NULL;NULL;Name
Person;AddressType;PersonAddressType;2;Name;NULL;NULL;NULL;NULL;NULL;OrderNumber
Person;AddressType;PersonAddressType;2;Name;NULL;NULL;NULL;NULL;NULL;Phone
Person;AddressType;PersonAddressType;3;rowguid;NULL;NULL;NULL;NULL;NULL;uniqueidentifier
Person;AddressType;PersonAddressType;4;ModifiedDate;NULL;NULL;NULL;NULL;NULL;datetime
Person;BusinessEntity;PersonBusinessEntity;1;BusinessEntityID;NULL;NULL;NULL;NULL;NULL;int
Person;BusinessEntity;PersonBusinessEntity;2;rowguid;NULL;NULL;NULL;NULL;NULL;uniqueidentifier
Person;BusinessEntity;PersonBusinessEntity;3;ModifiedDate;NULL;NULL;NULL;NULL;NULL;datetime
Person;BusinessEntityAddress;PersonBusinessEntityAddress;1;BusinessEntityID;>-;Person.BusinessEntity;BusinessEntityID;1;FK_BusinessEntityAddress_BusinessEntity_BusinessEntityID;int
Person;BusinessEntityAddress;PersonBusinessEntityAddress;2;AddressID;>-;Person.Address;AddressID;1;FK_BusinessEntityAddress_Address_AddressID;int
Person;BusinessEntityAddress;PersonBusinessEntityAddress;3;AddressTypeID;>-;Person.AddressType;AddressTypeID;1;FK_BusinessEntityAddress_AddressType_AddressTypeID;int
Person;BusinessEntityAddress;PersonBusinessEntityAddress;4;rowguid;NULL;NULL;NULL;NULL;NULL;uniqueidentifier
Person;BusinessEntityAddress;PersonBusinessEntityAddress;5;ModifiedDate;NULL;NULL;NULL;NULL;NULL;datetime
Person;BusinessEntityContact;PersonBusinessEntityContact;1;BusinessEntityID;>-;Person.BusinessEntity;BusinessEntityID;1;FK_BusinessEntityContact_BusinessEntity_BusinessEntityID;int
Person;BusinessEntityContact;PersonBusinessEntityContact;2;PersonID;>-;Person.Person;BusinessEntityID;1;FK_BusinessEntityContact_Person_PersonID;int
Person;BusinessEntityContact;PersonBusinessEntityContact;3;ContactTypeID;>-;Person.ContactType;ContactTypeID;1;FK_BusinessEntityContact_ContactType_ContactTypeID;int
Person;BusinessEntityContact;PersonBusinessEntityContact;4;rowguid;NULL;NULL;NULL;NULL;NULL;uniqueidentifier
Person;BusinessEntityContact;PersonBusinessEntityContact;5;ModifiedDate;NULL;NULL;NULL;NULL;NULL;datetime
Person;ContactType;PersonContactType;1;ContactTypeID;NULL;NULL;NULL;NULL;NULL;int
Person;ContactType;PersonContactType;2;Name;NULL;NULL;NULL;NULL;NULL;nvarchar
Person;ContactType;PersonContactType;2;Name;NULL;NULL;NULL;NULL;NULL;sysname
Person;ContactType;PersonContactType;2;Name;NULL;NULL;NULL;NULL;NULL;AccountNumber
Person;ContactType;PersonContactType;2;Name;NULL;NULL;NULL;NULL;NULL;Name
Person;ContactType;PersonContactType;2;Name;NULL;NULL;NULL;NULL;NULL;OrderNumber
Person;ContactType;PersonContactType;2;Name;NULL;NULL;NULL;NULL;NULL;Phone
Person;ContactType;PersonContactType;3;ModifiedDate;NULL;NULL;NULL;NULL;NULL;datetime
Person;CountryRegion;PersonCountryRegion;1;CountryRegionCode;NULL;NULL;NULL;NULL;NULL;nvarchar
Person;CountryRegion;PersonCountryRegion;1;CountryRegionCode;NULL;NULL;NULL;NULL;NULL;sysname
Person;CountryRegion;PersonCountryRegion;1;CountryRegionCode;NULL;NULL;NULL;NULL;NULL;AccountNumber
Person;CountryRegion;PersonCountryRegion;1;CountryRegionCode;NULL;NULL;NULL;NULL;NULL;Name
Person;CountryRegion;PersonCountryRegion;1;CountryRegionCode;NULL;NULL;NULL;NULL;NULL;OrderNumber
Person;CountryRegion;PersonCountryRegion;1;CountryRegionCode;NULL;NULL;NULL;NULL;NULL;Phone
Person;CountryRegion;PersonCountryRegion;2;Name;NULL;NULL;NULL;NULL;NULL;nvarchar
Person;CountryRegion;PersonCountryRegion;2;Name;NULL;NULL;NULL;NULL;NULL;sysname
Person;CountryRegion;PersonCountryRegion;2;Name;NULL;NULL;NULL;NULL;NULL;AccountNumber
Person;CountryRegion;PersonCountryRegion;2;Name;NULL;NULL;NULL;NULL;NULL;Name
Person;CountryRegion;PersonCountryRegion;2;Name;NULL;NULL;NULL;NULL;NULL;OrderNumber
Person;CountryRegion;PersonCountryRegion;2;Name;NULL;NULL;NULL;NULL;NULL;Phone
Person;CountryRegion;PersonCountryRegion;3;ModifiedDate;NULL;NULL;NULL;NULL;NULL;datetime
Person;EmailAddress;PersonEmailAddress;1;BusinessEntityID;>-;Person.Person;BusinessEntityID;1;FK_EmailAddress_Person_BusinessEntityID;int
Person;EmailAddress;PersonEmailAddress;2;EmailAddressID;NULL;NULL;NULL;NULL;NULL;int
Person;EmailAddress;PersonEmailAddress;3;EmailAddress;NULL;NULL;NULL;NULL;NULL;nvarchar
Person;EmailAddress;PersonEmailAddress;3;EmailAddress;NULL;NULL;NULL;NULL;NULL;sysname
Person;EmailAddress;PersonEmailAddress;3;EmailAddress;NULL;NULL;NULL;NULL;NULL;AccountNumber
Person;EmailAddress;PersonEmailAddress;3;EmailAddress;NULL;NULL;NULL;NULL;NULL;Name
Person;EmailAddress;PersonEmailAddress;3;EmailAddress;NULL;NULL;NULL;NULL;NULL;OrderNumber
Person;EmailAddress;PersonEmailAddress;3;EmailAddress;NULL;NULL;NULL;NULL;NULL;Phone
Person;EmailAddress;PersonEmailAddress;4;rowguid;NULL;NULL;NULL;NULL;NULL;uniqueidentifier
Person;EmailAddress;PersonEmailAddress;5;ModifiedDate;NULL;NULL;NULL;NULL;NULL;datetime
Person;Password;PersonPassword;1;BusinessEntityID;>-;Person.Person;BusinessEntityID;1;FK_Password_Person_BusinessEntityID;int
Person;Password;PersonPassword;2;PasswordHash;NULL;NULL;NULL;NULL;NULL;varchar
Person;Password;PersonPassword;3;PasswordSalt;NULL;NULL;NULL;NULL;NULL;varchar
Person;Password;PersonPassword;4;rowguid;NULL;NULL;NULL;NULL;NULL;uniqueidentifier
Person;Password;PersonPassword;5;ModifiedDate;NULL;NULL;NULL;NULL;NULL;datetime
Person;Person;PersonPerson;1;BusinessEntityID;>-;Person.BusinessEntity;BusinessEntityID;1;FK_Person_BusinessEntity_BusinessEntityID;int
Person;Person;PersonPerson;2;PersonType;NULL;NULL;NULL;NULL;NULL;nchar
Person;Person;PersonPerson;3;NameStyle;NULL;NULL;NULL;NULL;NULL;bit
Person;Person;PersonPerson;3;NameStyle;NULL;NULL;NULL;NULL;NULL;Flag
Person;Person;PersonPerson;3;NameStyle;NULL;NULL;NULL;NULL;NULL;NameStyle
Person;Person;PersonPerson;4;Title;NULL;NULL;NULL;NULL;NULL;nvarchar
Person;Person;PersonPerson;4;Title;NULL;NULL;NULL;NULL;NULL;sysname
Person;Person;PersonPerson;4;Title;NULL;NULL;NULL;NULL;NULL;AccountNumber
Person;Person;PersonPerson;4;Title;NULL;NULL;NULL;NULL;NULL;Name
Person;Person;PersonPerson;4;Title;NULL;NULL;NULL;NULL;NULL;OrderNumber
Person;Person;PersonPerson;4;Title;NULL;NULL;NULL;NULL;NULL;Phone
Person;Person;PersonPerson;5;FirstName;NULL;NULL;NULL;NULL;NULL;nvarchar
Person;Person;PersonPerson;5;FirstName;NULL;NULL;NULL;NULL;NULL;sysname
Person;Person;PersonPerson;5;FirstName;NULL;NULL;NULL;NULL;NULL;AccountNumber
Person;Person;PersonPerson;5;FirstName;NULL;NULL;NULL;NULL;NULL;Name
Person;Person;PersonPerson;5;FirstName;NULL;NULL;NULL;NULL;NULL;OrderNumber
Person;Person;PersonPerson;5;FirstName;NULL;NULL;NULL;NULL;NULL;Phone
Person;Person;PersonPerson;6;MiddleName;NULL;NULL;NULL;NULL;NULL;nvarchar
Person;Person;PersonPerson;6;MiddleName;NULL;NULL;NULL;NULL;NULL;sysname
Person;Person;PersonPerson;6;MiddleName;NULL;NULL;NULL;NULL;NULL;AccountNumber
Person;Person;PersonPerson;6;MiddleName;NULL;NULL;NULL;NULL;NULL;Name
Person;Person;PersonPerson;6;MiddleName;NULL;NULL;NULL;NULL;NULL;OrderNumber
Person;Person;PersonPerson;6;MiddleName;NULL;NULL;NULL;NULL;NULL;Phone
Person;Person;PersonPerson;7;LastName;NULL;NULL;NULL;NULL;NULL;nvarchar
Person;Person;PersonPerson;7;LastName;NULL;NULL;NULL;NULL;NULL;sysname
Person;Person;PersonPerson;7;LastName;NULL;NULL;NULL;NULL;NULL;AccountNumber
Person;Person;PersonPerson;7;LastName;NULL;NULL;NULL;NULL;NULL;Name
Person;Person;PersonPerson;7;LastName;NULL;NULL;NULL;NULL;NULL;OrderNumber
Person;Person;PersonPerson;7;LastName;NULL;NULL;NULL;NULL;NULL;Phone
Person;Person;PersonPerson;8;Suffix;NULL;NULL;NULL;NULL;NULL;nvarchar
Person;Person;PersonPerson;8;Suffix;NULL;NULL;NULL;NULL;NULL;sysname
Person;Person;PersonPerson;8;Suffix;NULL;NULL;NULL;NULL;NULL;AccountNumber
Person;Person;PersonPerson;8;Suffix;NULL;NULL;NULL;NULL;NULL;Name
Person;Person;PersonPerson;8;Suffix;NULL;NULL;NULL;NULL;NULL;OrderNumber
Person;Person;PersonPerson;8;Suffix;NULL;NULL;NULL;NULL;NULL;Phone
Person;Person;PersonPerson;9;EmailPromotion;NULL;NULL;NULL;NULL;NULL;int
Person;Person;PersonPerson;10;AdditionalContactInfo;NULL;NULL;NULL;NULL;NULL;xml
Person;Person;PersonPerson;11;Demographics;NULL;NULL;NULL;NULL;NULL;xml
Person;Person;PersonPerson;12;rowguid;NULL;NULL;NULL;NULL;NULL;uniqueidentifier
Person;Person;PersonPerson;13;ModifiedDate;NULL;NULL;NULL;NULL;NULL;datetime
Person;PersonPhone;PersonPersonPhone;1;BusinessEntityID;>-;Person.Person;BusinessEntityID;1;FK_PersonPhone_Person_BusinessEntityID;int
Person;PersonPhone;PersonPersonPhone;2;PhoneNumber;NULL;NULL;NULL;NULL;NULL;nvarchar
Person;PersonPhone;PersonPersonPhone;2;PhoneNumber;NULL;NULL;NULL;NULL;NULL;sysname
Person;PersonPhone;PersonPersonPhone;2;PhoneNumber;NULL;NULL;NULL;NULL;NULL;AccountNumber
Person;PersonPhone;PersonPersonPhone;2;PhoneNumber;NULL;NULL;NULL;NULL;NULL;Name
Person;PersonPhone;PersonPersonPhone;2;PhoneNumber;NULL;NULL;NULL;NULL;NULL;OrderNumber
Person;PersonPhone;PersonPersonPhone;2;PhoneNumber;NULL;NULL;NULL;NULL;NULL;Phone
Person;PersonPhone;PersonPersonPhone;3;PhoneNumberTypeID;>-;Person.PhoneNumberType;PhoneNumberTypeID;1;FK_PersonPhone_PhoneNumberType_PhoneNumberTypeID;int
Person;PersonPhone;PersonPersonPhone;4;ModifiedDate;NULL;NULL;NULL;NULL;NULL;datetime
Person;PhoneNumberType;PersonPhoneNumberType;1;PhoneNumberTypeID;NULL;NULL;NULL;NULL;NULL;int
Person;PhoneNumberType;PersonPhoneNumberType;2;Name;NULL;NULL;NULL;NULL;NULL;nvarchar
Person;PhoneNumberType;PersonPhoneNumberType;2;Name;NULL;NULL;NULL;NULL;NULL;sysname
Person;PhoneNumberType;PersonPhoneNumberType;2;Name;NULL;NULL;NULL;NULL;NULL;AccountNumber
Person;PhoneNumberType;PersonPhoneNumberType;2;Name;NULL;NULL;NULL;NULL;NULL;Name
Person;PhoneNumberType;PersonPhoneNumberType;2;Name;NULL;NULL;NULL;NULL;NULL;OrderNumber
Person;PhoneNumberType;PersonPhoneNumberType;2;Name;NULL;NULL;NULL;NULL;NULL;Phone
Person;PhoneNumberType;PersonPhoneNumberType;3;ModifiedDate;NULL;NULL;NULL;NULL;NULL;datetime
Person;StateProvince;PersonStateProvince;1;StateProvinceID;NULL;NULL;NULL;NULL;NULL;int
Person;StateProvince;PersonStateProvince;2;StateProvinceCode;NULL;NULL;NULL;NULL;NULL;nchar
Person;StateProvince;PersonStateProvince;3;CountryRegionCode;>-;Person.CountryRegion;CountryRegionCode;1;FK_StateProvince_CountryRegion_CountryRegionCode;nvarchar
Person;StateProvince;PersonStateProvince;3;CountryRegionCode;>-;Person.CountryRegion;CountryRegionCode;1;FK_StateProvince_CountryRegion_CountryRegionCode;sysname
Person;StateProvince;PersonStateProvince;3;CountryRegionCode;>-;Person.CountryRegion;CountryRegionCode;1;FK_StateProvince_CountryRegion_CountryRegionCode;AccountNumber
Person;StateProvince;PersonStateProvince;3;CountryRegionCode;>-;Person.CountryRegion;CountryRegionCode;1;FK_StateProvince_CountryRegion_CountryRegionCode;Name
Person;StateProvince;PersonStateProvince;3;CountryRegionCode;>-;Person.CountryRegion;CountryRegionCode;1;FK_StateProvince_CountryRegion_CountryRegionCode;OrderNumber
Person;StateProvince;PersonStateProvince;3;CountryRegionCode;>-;Person.CountryRegion;CountryRegionCode;1;FK_StateProvince_CountryRegion_CountryRegionCode;Phone
Person;StateProvince;PersonStateProvince;4;IsOnlyStateProvinceFlag;NULL;NULL;NULL;NULL;NULL;bit
Person;StateProvince;PersonStateProvince;4;IsOnlyStateProvinceFlag;NULL;NULL;NULL;NULL;NULL;Flag
Person;StateProvince;PersonStateProvince;4;IsOnlyStateProvinceFlag;NULL;NULL;NULL;NULL;NULL;NameStyle
Person;StateProvince;PersonStateProvince;5;Name;NULL;NULL;NULL;NULL;NULL;nvarchar
Person;StateProvince;PersonStateProvince;5;Name;NULL;NULL;NULL;NULL;NULL;sysname
Person;StateProvince;PersonStateProvince;5;Name;NULL;NULL;NULL;NULL;NULL;AccountNumber
Person;StateProvince;PersonStateProvince;5;Name;NULL;NULL;NULL;NULL;NULL;Name
Person;StateProvince;PersonStateProvince;5;Name;NULL;NULL;NULL;NULL;NULL;OrderNumber
Person;StateProvince;PersonStateProvince;5;Name;NULL;NULL;NULL;NULL;NULL;Phone
Person;StateProvince;PersonStateProvince;6;TerritoryID;>-;Sales.SalesTerritory;TerritoryID;1;FK_StateProvince_SalesTerritory_TerritoryID;int
Person;StateProvince;PersonStateProvince;7;rowguid;NULL;NULL;NULL;NULL;NULL;uniqueidentifier
Person;StateProvince;PersonStateProvince;8;ModifiedDate;NULL;NULL;NULL;NULL;NULL;datetime
Production;BillOfMaterials;ProductionBillOfMaterials;1;BillOfMaterialsID;NULL;NULL;NULL;NULL;NULL;int
Production;BillOfMaterials;ProductionBillOfMaterials;2;ProductAssemblyID;>-;Production.Product;ProductID;1;FK_BillOfMaterials_Product_ProductAssemblyID;int
Production;BillOfMaterials;ProductionBillOfMaterials;3;ComponentID;>-;Production.Product;ProductID;1;FK_BillOfMaterials_Product_ComponentID;int
Production;BillOfMaterials;ProductionBillOfMaterials;4;StartDate;NULL;NULL;NULL;NULL;NULL;datetime
Production;BillOfMaterials;ProductionBillOfMaterials;5;EndDate;NULL;NULL;NULL;NULL;NULL;datetime
Production;BillOfMaterials;ProductionBillOfMaterials;6;UnitMeasureCode;>-;Production.UnitMeasure;UnitMeasureCode;1;FK_BillOfMaterials_UnitMeasure_UnitMeasureCode;nchar
Production;BillOfMaterials;ProductionBillOfMaterials;7;BOMLevel;NULL;NULL;NULL;NULL;NULL;smallint
Production;BillOfMaterials;ProductionBillOfMaterials;8;PerAssemblyQty;NULL;NULL;NULL;NULL;NULL;decimal
Production;BillOfMaterials;ProductionBillOfMaterials;9;ModifiedDate;NULL;NULL;NULL;NULL;NULL;datetime
Production;Culture;ProductionCulture;1;CultureID;NULL;NULL;NULL;NULL;NULL;nchar
Production;Culture;ProductionCulture;2;Name;NULL;NULL;NULL;NULL;NULL;nvarchar
Production;Culture;ProductionCulture;2;Name;NULL;NULL;NULL;NULL;NULL;sysname
Production;Culture;ProductionCulture;2;Name;NULL;NULL;NULL;NULL;NULL;AccountNumber
Production;Culture;ProductionCulture;2;Name;NULL;NULL;NULL;NULL;NULL;Name
Production;Culture;ProductionCulture;2;Name;NULL;NULL;NULL;NULL;NULL;OrderNumber
Production;Culture;ProductionCulture;2;Name;NULL;NULL;NULL;NULL;NULL;Phone
Production;Culture;ProductionCulture;3;ModifiedDate;NULL;NULL;NULL;NULL;NULL;datetime
Production;Document;ProductionDocument;1;DocumentNode;NULL;NULL;NULL;NULL;NULL;hierarchyid
Production;Document;ProductionDocument;1;DocumentNode;NULL;NULL;NULL;NULL;NULL;geometry
Production;Document;ProductionDocument;1;DocumentNode;NULL;NULL;NULL;NULL;NULL;geography
Production;Document;ProductionDocument;2;DocumentLevel;NULL;NULL;NULL;NULL;NULL;smallint
Production;Document;ProductionDocument;3;Title;NULL;NULL;NULL;NULL;NULL;nvarchar
Production;Document;ProductionDocument;3;Title;NULL;NULL;NULL;NULL;NULL;sysname
Production;Document;ProductionDocument;3;Title;NULL;NULL;NULL;NULL;NULL;AccountNumber
Production;Document;ProductionDocument;3;Title;NULL;NULL;NULL;NULL;NULL;Name
Production;Document;ProductionDocument;3;Title;NULL;NULL;NULL;NULL;NULL;OrderNumber
Production;Document;ProductionDocument;3;Title;NULL;NULL;NULL;NULL;NULL;Phone
Production;Document;ProductionDocument;4;Owner;>-;HumanResources.Employee;BusinessEntityID;1;FK_Document_Employee_Owner;int
Production;Document;ProductionDocument;5;FolderFlag;NULL;NULL;NULL;NULL;NULL;bit
Production;Document;ProductionDocument;5;FolderFlag;NULL;NULL;NULL;NULL;NULL;Flag
Production;Document;ProductionDocument;5;FolderFlag;NULL;NULL;NULL;NULL;NULL;NameStyle
Production;Document;ProductionDocument;6;FileName;NULL;NULL;NULL;NULL;NULL;nvarchar
Production;Document;ProductionDocument;6;FileName;NULL;NULL;NULL;NULL;NULL;sysname
Production;Document;ProductionDocument;6;FileName;NULL;NULL;NULL;NULL;NULL;AccountNumber
Production;Document;ProductionDocument;6;FileName;NULL;NULL;NULL;NULL;NULL;Name
Production;Document;ProductionDocument;6;FileName;NULL;NULL;NULL;NULL;NULL;OrderNumber
Production;Document;ProductionDocument;6;FileName;NULL;NULL;NULL;NULL;NULL;Phone
Production;Document;ProductionDocument;7;FileExtension;NULL;NULL;NULL;NULL;NULL;nvarchar
Production;Document;ProductionDocument;7;FileExtension;NULL;NULL;NULL;NULL;NULL;sysname
Production;Document;ProductionDocument;7;FileExtension;NULL;NULL;NULL;NULL;NULL;AccountNumber
Production;Document;ProductionDocument;7;FileExtension;NULL;NULL;NULL;NULL;NULL;Name
Production;Document;ProductionDocument;7;FileExtension;NULL;NULL;NULL;NULL;NULL;OrderNumber
Production;Document;ProductionDocument;7;FileExtension;NULL;NULL;NULL;NULL;NULL;Phone
Production;Document;ProductionDocument;8;Revision;NULL;NULL;NULL;NULL;NULL;nchar
Production;Document;ProductionDocument;9;ChangeNumber;NULL;NULL;NULL;NULL;NULL;int
Production;Document;ProductionDocument;10;Status;NULL;NULL;NULL;NULL;NULL;tinyint
Production;Document;ProductionDocument;11;DocumentSummary;NULL;NULL;NULL;NULL;NULL;nvarchar
Production;Document;ProductionDocument;11;DocumentSummary;NULL;NULL;NULL;NULL;NULL;sysname
Production;Document;ProductionDocument;11;DocumentSummary;NULL;NULL;NULL;NULL;NULL;AccountNumber
Production;Document;ProductionDocument;11;DocumentSummary;NULL;NULL;NULL;NULL;NULL;Name
Production;Document;ProductionDocument;11;DocumentSummary;NULL;NULL;NULL;NULL;NULL;OrderNumber
Production;Document;ProductionDocument;11;DocumentSummary;NULL;NULL;NULL;NULL;NULL;Phone
Production;Document;ProductionDocument;12;Document;NULL;NULL;NULL;NULL;NULL;varbinary
Production;Document;ProductionDocument;13;rowguid;NULL;NULL;NULL;NULL;NULL;uniqueidentifier
Production;Document;ProductionDocument;14;ModifiedDate;NULL;NULL;NULL;NULL;NULL;datetime
Production;Illustration;ProductionIllustration;1;IllustrationID;NULL;NULL;NULL;NULL;NULL;int
Production;Illustration;ProductionIllustration;2;Diagram;NULL;NULL;NULL;NULL;NULL;xml
Production;Illustration;ProductionIllustration;3;ModifiedDate;NULL;NULL;NULL;NULL;NULL;datetime
Production;Location;ProductionLocation;1;LocationID;NULL;NULL;NULL;NULL;NULL;smallint
Production;Location;ProductionLocation;2;Name;NULL;NULL;NULL;NULL;NULL;nvarchar
Production;Location;ProductionLocation;2;Name;NULL;NULL;NULL;NULL;NULL;sysname
Production;Location;ProductionLocation;2;Name;NULL;NULL;NULL;NULL;NULL;AccountNumber
Production;Location;ProductionLocation;2;Name;NULL;NULL;NULL;NULL;NULL;Name
Production;Location;ProductionLocation;2;Name;NULL;NULL;NULL;NULL;NULL;OrderNumber
Production;Location;ProductionLocation;2;Name;NULL;NULL;NULL;NULL;NULL;Phone
Production;Location;ProductionLocation;3;CostRate;NULL;NULL;NULL;NULL;NULL;smallmoney
Production;Location;ProductionLocation;4;Availability;NULL;NULL;NULL;NULL;NULL;decimal
Production;Location;ProductionLocation;5;ModifiedDate;NULL;NULL;NULL;NULL;NULL;datetime
Production;Product;ProductionProduct;1;ProductID;NULL;NULL;NULL;NULL;NULL;int
Production;Product;ProductionProduct;2;Name;NULL;NULL;NULL;NULL;NULL;nvarchar
Production;Product;ProductionProduct;2;Name;NULL;NULL;NULL;NULL;NULL;sysname
Production;Product;ProductionProduct;2;Name;NULL;NULL;NULL;NULL;NULL;AccountNumber
Production;Product;ProductionProduct;2;Name;NULL;NULL;NULL;NULL;NULL;Name
Production;Product;ProductionProduct;2;Name;NULL;NULL;NULL;NULL;NULL;OrderNumber
Production;Product;ProductionProduct;2;Name;NULL;NULL;NULL;NULL;NULL;Phone
Production;Product;ProductionProduct;3;ProductNumber;NULL;NULL;NULL;NULL;NULL;nvarchar
Production;Product;ProductionProduct;3;ProductNumber;NULL;NULL;NULL;NULL;NULL;sysname
Production;Product;ProductionProduct;3;ProductNumber;NULL;NULL;NULL;NULL;NULL;AccountNumber
Production;Product;ProductionProduct;3;ProductNumber;NULL;NULL;NULL;NULL;NULL;Name
Production;Product;ProductionProduct;3;ProductNumber;NULL;NULL;NULL;NULL;NULL;OrderNumber
Production;Product;ProductionProduct;3;ProductNumber;NULL;NULL;NULL;NULL;NULL;Phone
Production;Product;ProductionProduct;4;MakeFlag;NULL;NULL;NULL;NULL;NULL;bit
Production;Product;ProductionProduct;4;MakeFlag;NULL;NULL;NULL;NULL;NULL;Flag
Production;Product;ProductionProduct;4;MakeFlag;NULL;NULL;NULL;NULL;NULL;NameStyle
Production;Product;ProductionProduct;5;FinishedGoodsFlag;NULL;NULL;NULL;NULL;NULL;bit
Production;Product;ProductionProduct;5;FinishedGoodsFlag;NULL;NULL;NULL;NULL;NULL;Flag
Production;Product;ProductionProduct;5;FinishedGoodsFlag;NULL;NULL;NULL;NULL;NULL;NameStyle
Production;Product;ProductionProduct;6;Color;NULL;NULL;NULL;NULL;NULL;nvarchar
Production;Product;ProductionProduct;6;Color;NULL;NULL;NULL;NULL;NULL;sysname
Production;Product;ProductionProduct;6;Color;NULL;NULL;NULL;NULL;NULL;AccountNumber
Production;Product;ProductionProduct;6;Color;NULL;NULL;NULL;NULL;NULL;Name
Production;Product;ProductionProduct;6;Color;NULL;NULL;NULL;NULL;NULL;OrderNumber
Production;Product;ProductionProduct;6;Color;NULL;NULL;NULL;NULL;NULL;Phone
Production;Product;ProductionProduct;7;SafetyStockLevel;NULL;NULL;NULL;NULL;NULL;smallint
Production;Product;ProductionProduct;8;ReorderPoint;NULL;NULL;NULL;NULL;NULL;smallint
Production;Product;ProductionProduct;9;StandardCost;NULL;NULL;NULL;NULL;NULL;money
Production;Product;ProductionProduct;10;ListPrice;NULL;NULL;NULL;NULL;NULL;money
Production;Product;ProductionProduct;11;Size;NULL;NULL;NULL;NULL;NULL;nvarchar
Production;Product;ProductionProduct;11;Size;NULL;NULL;NULL;NULL;NULL;sysname
Production;Product;ProductionProduct;11;Size;NULL;NULL;NULL;NULL;NULL;AccountNumber
Production;Product;ProductionProduct;11;Size;NULL;NULL;NULL;NULL;NULL;Name
Production;Product;ProductionProduct;11;Size;NULL;NULL;NULL;NULL;NULL;OrderNumber
Production;Product;ProductionProduct;11;Size;NULL;NULL;NULL;NULL;NULL;Phone
Production;Product;ProductionProduct;12;SizeUnitMeasureCode;>-;Production.UnitMeasure;UnitMeasureCode;1;FK_Product_UnitMeasure_SizeUnitMeasureCode;nchar
Production;Product;ProductionProduct;13;WeightUnitMeasureCode;>-;Production.UnitMeasure;UnitMeasureCode;1;FK_Product_UnitMeasure_WeightUnitMeasureCode;nchar
Production;Product;ProductionProduct;14;Weight;NULL;NULL;NULL;NULL;NULL;decimal
Production;Product;ProductionProduct;15;DaysToManufacture;NULL;NULL;NULL;NULL;NULL;int
Production;Product;ProductionProduct;16;ProductLine;NULL;NULL;NULL;NULL;NULL;nchar
Production;Product;ProductionProduct;17;Class;NULL;NULL;NULL;NULL;NULL;nchar
Production;Product;ProductionProduct;18;Style;NULL;NULL;NULL;NULL;NULL;nchar
Production;Product;ProductionProduct;19;ProductSubcategoryID;>-;Production.ProductSubcategory;ProductSubcategoryID;1;FK_Product_ProductSubcategory_ProductSubcategoryID;int
Production;Product;ProductionProduct;20;ProductModelID;>-;Production.ProductModel;ProductModelID;1;FK_Product_ProductModel_ProductModelID;int
Production;Product;ProductionProduct;21;SellStartDate;NULL;NULL;NULL;NULL;NULL;datetime
Production;Product;ProductionProduct;22;SellEndDate;NULL;NULL;NULL;NULL;NULL;datetime
Production;Product;ProductionProduct;23;DiscontinuedDate;NULL;NULL;NULL;NULL;NULL;datetime
Production;Product;ProductionProduct;24;rowguid;NULL;NULL;NULL;NULL;NULL;uniqueidentifier
Production;Product;ProductionProduct;25;ModifiedDate;NULL;NULL;NULL;NULL;NULL;datetime
Production;ProductCategory;ProductionProductCategory;1;ProductCategoryID;NULL;NULL;NULL;NULL;NULL;int
Production;ProductCategory;ProductionProductCategory;2;Name;NULL;NULL;NULL;NULL;NULL;nvarchar
Production;ProductCategory;ProductionProductCategory;2;Name;NULL;NULL;NULL;NULL;NULL;sysname
Production;ProductCategory;ProductionProductCategory;2;Name;NULL;NULL;NULL;NULL;NULL;AccountNumber
Production;ProductCategory;ProductionProductCategory;2;Name;NULL;NULL;NULL;NULL;NULL;Name
Production;ProductCategory;ProductionProductCategory;2;Name;NULL;NULL;NULL;NULL;NULL;OrderNumber
Production;ProductCategory;ProductionProductCategory;2;Name;NULL;NULL;NULL;NULL;NULL;Phone
Production;ProductCategory;ProductionProductCategory;3;rowguid;NULL;NULL;NULL;NULL;NULL;uniqueidentifier
Production;ProductCategory;ProductionProductCategory;4;ModifiedDate;NULL;NULL;NULL;NULL;NULL;datetime
Production;ProductCostHistory;ProductionProductCostHistory;1;ProductID;>-;Production.Product;ProductID;1;FK_ProductCostHistory_Product_ProductID;int
Production;ProductCostHistory;ProductionProductCostHistory;2;StartDate;NULL;NULL;NULL;NULL;NULL;datetime
Production;ProductCostHistory;ProductionProductCostHistory;3;EndDate;NULL;NULL;NULL;NULL;NULL;datetime
Production;ProductCostHistory;ProductionProductCostHistory;4;StandardCost;NULL;NULL;NULL;NULL;NULL;money
Production;ProductCostHistory;ProductionProductCostHistory;5;ModifiedDate;NULL;NULL;NULL;NULL;NULL;datetime
Production;ProductDescription;ProductionProductDescription;1;ProductDescriptionID;NULL;NULL;NULL;NULL;NULL;int
Production;ProductDescription;ProductionProductDescription;2;Description;NULL;NULL;NULL;NULL;NULL;nvarchar
Production;ProductDescription;ProductionProductDescription;2;Description;NULL;NULL;NULL;NULL;NULL;sysname
Production;ProductDescription;ProductionProductDescription;2;Description;NULL;NULL;NULL;NULL;NULL;AccountNumber
Production;ProductDescription;ProductionProductDescription;2;Description;NULL;NULL;NULL;NULL;NULL;Name
Production;ProductDescription;ProductionProductDescription;2;Description;NULL;NULL;NULL;NULL;NULL;OrderNumber
Production;ProductDescription;ProductionProductDescription;2;Description;NULL;NULL;NULL;NULL;NULL;Phone
Production;ProductDescription;ProductionProductDescription;3;rowguid;NULL;NULL;NULL;NULL;NULL;uniqueidentifier
Production;ProductDescription;ProductionProductDescription;4;ModifiedDate;NULL;NULL;NULL;NULL;NULL;datetime
Production;ProductDocument;ProductionProductDocument;1;ProductID;>-;Production.Product;ProductID;1;FK_ProductDocument_Product_ProductID;int
Production;ProductDocument;ProductionProductDocument;2;DocumentNode;>-;Production.Document;DocumentNode;1;FK_ProductDocument_Document_DocumentNode;hierarchyid
Production;ProductDocument;ProductionProductDocument;2;DocumentNode;>-;Production.Document;DocumentNode;1;FK_ProductDocument_Document_DocumentNode;geometry
Production;ProductDocument;ProductionProductDocument;2;DocumentNode;>-;Production.Document;DocumentNode;1;FK_ProductDocument_Document_DocumentNode;geography
Production;ProductDocument;ProductionProductDocument;3;ModifiedDate;NULL;NULL;NULL;NULL;NULL;datetime
Production;ProductInventory;ProductionProductInventory;1;ProductID;>-;Production.Product;ProductID;1;FK_ProductInventory_Product_ProductID;int
Production;ProductInventory;ProductionProductInventory;2;LocationID;>-;Production.Location;LocationID;1;FK_ProductInventory_Location_LocationID;smallint
Production;ProductInventory;ProductionProductInventory;3;Shelf;NULL;NULL;NULL;NULL;NULL;nvarchar
Production;ProductInventory;ProductionProductInventory;3;Shelf;NULL;NULL;NULL;NULL;NULL;sysname
Production;ProductInventory;ProductionProductInventory;3;Shelf;NULL;NULL;NULL;NULL;NULL;AccountNumber
Production;ProductInventory;ProductionProductInventory;3;Shelf;NULL;NULL;NULL;NULL;NULL;Name
Production;ProductInventory;ProductionProductInventory;3;Shelf;NULL;NULL;NULL;NULL;NULL;OrderNumber
Production;ProductInventory;ProductionProductInventory;3;Shelf;NULL;NULL;NULL;NULL;NULL;Phone
Production;ProductInventory;ProductionProductInventory;4;Bin;NULL;NULL;NULL;NULL;NULL;tinyint
Production;ProductInventory;ProductionProductInventory;5;Quantity;NULL;NULL;NULL;NULL;NULL;smallint
Production;ProductInventory;ProductionProductInventory;6;rowguid;NULL;NULL;NULL;NULL;NULL;uniqueidentifier
Production;ProductInventory;ProductionProductInventory;7;ModifiedDate;NULL;NULL;NULL;NULL;NULL;datetime
Production;ProductListPriceHistory;ProductionProductListPriceHistory;1;ProductID;>-;Production.Product;ProductID;1;FK_ProductListPriceHistory_Product_ProductID;int
Production;ProductListPriceHistory;ProductionProductListPriceHistory;2;StartDate;NULL;NULL;NULL;NULL;NULL;datetime
Production;ProductListPriceHistory;ProductionProductListPriceHistory;3;EndDate;NULL;NULL;NULL;NULL;NULL;datetime
Production;ProductListPriceHistory;ProductionProductListPriceHistory;4;ListPrice;NULL;NULL;NULL;NULL;NULL;money
Production;ProductListPriceHistory;ProductionProductListPriceHistory;5;ModifiedDate;NULL;NULL;NULL;NULL;NULL;datetime
Production;ProductModel;ProductionProductModel;1;ProductModelID;NULL;NULL;NULL;NULL;NULL;int
Production;ProductModel;ProductionProductModel;2;Name;NULL;NULL;NULL;NULL;NULL;nvarchar
Production;ProductModel;ProductionProductModel;2;Name;NULL;NULL;NULL;NULL;NULL;sysname
Production;ProductModel;ProductionProductModel;2;Name;NULL;NULL;NULL;NULL;NULL;AccountNumber
Production;ProductModel;ProductionProductModel;2;Name;NULL;NULL;NULL;NULL;NULL;Name
Production;ProductModel;ProductionProductModel;2;Name;NULL;NULL;NULL;NULL;NULL;OrderNumber
Production;ProductModel;ProductionProductModel;2;Name;NULL;NULL;NULL;NULL;NULL;Phone
Production;ProductModel;ProductionProductModel;3;CatalogDescription;NULL;NULL;NULL;NULL;NULL;xml
Production;ProductModel;ProductionProductModel;4;Instructions;NULL;NULL;NULL;NULL;NULL;xml
Production;ProductModel;ProductionProductModel;5;rowguid;NULL;NULL;NULL;NULL;NULL;uniqueidentifier
Production;ProductModel;ProductionProductModel;6;ModifiedDate;NULL;NULL;NULL;NULL;NULL;datetime
Production;ProductModelIllustration;ProductionProductModelIllustration;1;ProductModelID;>-;Production.ProductModel;ProductModelID;1;FK_ProductModelIllustration_ProductModel_ProductModelID;int
Production;ProductModelIllustration;ProductionProductModelIllustration;2;IllustrationID;>-;Production.Illustration;IllustrationID;1;FK_ProductModelIllustration_Illustration_IllustrationID;int
Production;ProductModelIllustration;ProductionProductModelIllustration;3;ModifiedDate;NULL;NULL;NULL;NULL;NULL;datetime
Production;ProductModelProductDescriptionCulture;ProductionProductModelProductDescriptionCulture;1;ProductModelID;>-;Production.ProductModel;ProductModelID;1;FK_ProductModelProductDescriptionCulture_ProductModel_ProductModelID;int
Production;ProductModelProductDescriptionCulture;ProductionProductModelProductDescriptionCulture;2;ProductDescriptionID;>-;Production.ProductDescription;ProductDescriptionID;1;FK_ProductModelProductDescriptionCulture_ProductDescription_ProductDescriptionID;int
Production;ProductModelProductDescriptionCulture;ProductionProductModelProductDescriptionCulture;3;CultureID;>-;Production.Culture;CultureID;1;FK_ProductModelProductDescriptionCulture_Culture_CultureID;nchar
Production;ProductModelProductDescriptionCulture;ProductionProductModelProductDescriptionCulture;4;ModifiedDate;NULL;NULL;NULL;NULL;NULL;datetime
Production;ProductPhoto;ProductionProductPhoto;1;ProductPhotoID;NULL;NULL;NULL;NULL;NULL;int
Production;ProductPhoto;ProductionProductPhoto;2;ThumbNailPhoto;NULL;NULL;NULL;NULL;NULL;varbinary
Production;ProductPhoto;ProductionProductPhoto;3;ThumbnailPhotoFileName;NULL;NULL;NULL;NULL;NULL;nvarchar
Production;ProductPhoto;ProductionProductPhoto;3;ThumbnailPhotoFileName;NULL;NULL;NULL;NULL;NULL;sysname
Production;ProductPhoto;ProductionProductPhoto;3;ThumbnailPhotoFileName;NULL;NULL;NULL;NULL;NULL;AccountNumber
Production;ProductPhoto;ProductionProductPhoto;3;ThumbnailPhotoFileName;NULL;NULL;NULL;NULL;NULL;Name
Production;ProductPhoto;ProductionProductPhoto;3;ThumbnailPhotoFileName;NULL;NULL;NULL;NULL;NULL;OrderNumber
Production;ProductPhoto;ProductionProductPhoto;3;ThumbnailPhotoFileName;NULL;NULL;NULL;NULL;NULL;Phone
Production;ProductPhoto;ProductionProductPhoto;4;LargePhoto;NULL;NULL;NULL;NULL;NULL;varbinary
Production;ProductPhoto;ProductionProductPhoto;5;LargePhotoFileName;NULL;NULL;NULL;NULL;NULL;nvarchar
Production;ProductPhoto;ProductionProductPhoto;5;LargePhotoFileName;NULL;NULL;NULL;NULL;NULL;sysname
Production;ProductPhoto;ProductionProductPhoto;5;LargePhotoFileName;NULL;NULL;NULL;NULL;NULL;AccountNumber
Production;ProductPhoto;ProductionProductPhoto;5;LargePhotoFileName;NULL;NULL;NULL;NULL;NULL;Name
Production;ProductPhoto;ProductionProductPhoto;5;LargePhotoFileName;NULL;NULL;NULL;NULL;NULL;OrderNumber
Production;ProductPhoto;ProductionProductPhoto;5;LargePhotoFileName;NULL;NULL;NULL;NULL;NULL;Phone
Production;ProductPhoto;ProductionProductPhoto;6;ModifiedDate;NULL;NULL;NULL;NULL;NULL;datetime
Production;ProductProductPhoto;ProductionProductProductPhoto;1;ProductID;>-;Production.Product;ProductID;1;FK_ProductProductPhoto_Product_ProductID;int
Production;ProductProductPhoto;ProductionProductProductPhoto;2;ProductPhotoID;>-;Production.ProductPhoto;ProductPhotoID;1;FK_ProductProductPhoto_ProductPhoto_ProductPhotoID;int
Production;ProductProductPhoto;ProductionProductProductPhoto;3;Primary;NULL;NULL;NULL;NULL;NULL;bit
Production;ProductProductPhoto;ProductionProductProductPhoto;3;Primary;NULL;NULL;NULL;NULL;NULL;Flag
Production;ProductProductPhoto;ProductionProductProductPhoto;3;Primary;NULL;NULL;NULL;NULL;NULL;NameStyle
Production;ProductProductPhoto;ProductionProductProductPhoto;4;ModifiedDate;NULL;NULL;NULL;NULL;NULL;datetime
Production;ProductReview;ProductionProductReview;1;ProductReviewID;NULL;NULL;NULL;NULL;NULL;int
Production;ProductReview;ProductionProductReview;2;ProductID;>-;Production.Product;ProductID;1;FK_ProductReview_Product_ProductID;int
Production;ProductReview;ProductionProductReview;3;ReviewerName;NULL;NULL;NULL;NULL;NULL;nvarchar
Production;ProductReview;ProductionProductReview;3;ReviewerName;NULL;NULL;NULL;NULL;NULL;sysname
Production;ProductReview;ProductionProductReview;3;ReviewerName;NULL;NULL;NULL;NULL;NULL;AccountNumber
Production;ProductReview;ProductionProductReview;3;ReviewerName;NULL;NULL;NULL;NULL;NULL;Name
Production;ProductReview;ProductionProductReview;3;ReviewerName;NULL;NULL;NULL;NULL;NULL;OrderNumber
Production;ProductReview;ProductionProductReview;3;ReviewerName;NULL;NULL;NULL;NULL;NULL;Phone
Production;ProductReview;ProductionProductReview;4;ReviewDate;NULL;NULL;NULL;NULL;NULL;datetime
Production;ProductReview;ProductionProductReview;5;EmailAddress;NULL;NULL;NULL;NULL;NULL;nvarchar
Production;ProductReview;ProductionProductReview;5;EmailAddress;NULL;NULL;NULL;NULL;NULL;sysname
Production;ProductReview;ProductionProductReview;5;EmailAddress;NULL;NULL;NULL;NULL;NULL;AccountNumber
Production;ProductReview;ProductionProductReview;5;EmailAddress;NULL;NULL;NULL;NULL;NULL;Name
Production;ProductReview;ProductionProductReview;5;EmailAddress;NULL;NULL;NULL;NULL;NULL;OrderNumber
Production;ProductReview;ProductionProductReview;5;EmailAddress;NULL;NULL;NULL;NULL;NULL;Phone
Production;ProductReview;ProductionProductReview;6;Rating;NULL;NULL;NULL;NULL;NULL;int
Production;ProductReview;ProductionProductReview;7;Comments;NULL;NULL;NULL;NULL;NULL;nvarchar
Production;ProductReview;ProductionProductReview;7;Comments;NULL;NULL;NULL;NULL;NULL;sysname
Production;ProductReview;ProductionProductReview;7;Comments;NULL;NULL;NULL;NULL;NULL;AccountNumber
Production;ProductReview;ProductionProductReview;7;Comments;NULL;NULL;NULL;NULL;NULL;Name
Production;ProductReview;ProductionProductReview;7;Comments;NULL;NULL;NULL;NULL;NULL;OrderNumber
Production;ProductReview;ProductionProductReview;7;Comments;NULL;NULL;NULL;NULL;NULL;Phone
Production;ProductReview;ProductionProductReview;8;ModifiedDate;NULL;NULL;NULL;NULL;NULL;datetime
Production;ProductSubcategory;ProductionProductSubcategory;1;ProductSubcategoryID;NULL;NULL;NULL;NULL;NULL;int
Production;ProductSubcategory;ProductionProductSubcategory;2;ProductCategoryID;>-;Production.ProductCategory;ProductCategoryID;1;FK_ProductSubcategory_ProductCategory_ProductCategoryID;int
Production;ProductSubcategory;ProductionProductSubcategory;3;Name;NULL;NULL;NULL;NULL;NULL;nvarchar
Production;ProductSubcategory;ProductionProductSubcategory;3;Name;NULL;NULL;NULL;NULL;NULL;sysname
Production;ProductSubcategory;ProductionProductSubcategory;3;Name;NULL;NULL;NULL;NULL;NULL;AccountNumber
Production;ProductSubcategory;ProductionProductSubcategory;3;Name;NULL;NULL;NULL;NULL;NULL;Name
Production;ProductSubcategory;ProductionProductSubcategory;3;Name;NULL;NULL;NULL;NULL;NULL;OrderNumber
Production;ProductSubcategory;ProductionProductSubcategory;3;Name;NULL;NULL;NULL;NULL;NULL;Phone
Production;ProductSubcategory;ProductionProductSubcategory;4;rowguid;NULL;NULL;NULL;NULL;NULL;uniqueidentifier
Production;ProductSubcategory;ProductionProductSubcategory;5;ModifiedDate;NULL;NULL;NULL;NULL;NULL;datetime
Production;ScrapReason;ProductionScrapReason;1;ScrapReasonID;NULL;NULL;NULL;NULL;NULL;smallint
Production;ScrapReason;ProductionScrapReason;2;Name;NULL;NULL;NULL;NULL;NULL;nvarchar
Production;ScrapReason;ProductionScrapReason;2;Name;NULL;NULL;NULL;NULL;NULL;sysname
Production;ScrapReason;ProductionScrapReason;2;Name;NULL;NULL;NULL;NULL;NULL;AccountNumber
Production;ScrapReason;ProductionScrapReason;2;Name;NULL;NULL;NULL;NULL;NULL;Name
Production;ScrapReason;ProductionScrapReason;2;Name;NULL;NULL;NULL;NULL;NULL;OrderNumber
Production;ScrapReason;ProductionScrapReason;2;Name;NULL;NULL;NULL;NULL;NULL;Phone
Production;ScrapReason;ProductionScrapReason;3;ModifiedDate;NULL;NULL;NULL;NULL;NULL;datetime
Production;TransactionHistory;ProductionTransactionHistory;1;TransactionID;NULL;NULL;NULL;NULL;NULL;int
Production;TransactionHistory;ProductionTransactionHistory;2;ProductID;>-;Production.Product;ProductID;1;FK_TransactionHistory_Product_ProductID;int
Production;TransactionHistory;ProductionTransactionHistory;3;ReferenceOrderID;NULL;NULL;NULL;NULL;NULL;int
Production;TransactionHistory;ProductionTransactionHistory;4;ReferenceOrderLineID;NULL;NULL;NULL;NULL;NULL;int
Production;TransactionHistory;ProductionTransactionHistory;5;TransactionDate;NULL;NULL;NULL;NULL;NULL;datetime
Production;TransactionHistory;ProductionTransactionHistory;6;TransactionType;NULL;NULL;NULL;NULL;NULL;nchar
Production;TransactionHistory;ProductionTransactionHistory;7;Quantity;NULL;NULL;NULL;NULL;NULL;int
Production;TransactionHistory;ProductionTransactionHistory;8;ActualCost;NULL;NULL;NULL;NULL;NULL;money
Production;TransactionHistory;ProductionTransactionHistory;9;ModifiedDate;NULL;NULL;NULL;NULL;NULL;datetime
Production;TransactionHistoryArchive;ProductionTransactionHistoryArchive;1;TransactionID;NULL;NULL;NULL;NULL;NULL;int
Production;TransactionHistoryArchive;ProductionTransactionHistoryArchive;2;ProductID;NULL;NULL;NULL;NULL;NULL;int
Production;TransactionHistoryArchive;ProductionTransactionHistoryArchive;3;ReferenceOrderID;NULL;NULL;NULL;NULL;NULL;int
Production;TransactionHistoryArchive;ProductionTransactionHistoryArchive;4;ReferenceOrderLineID;NULL;NULL;NULL;NULL;NULL;int
Production;TransactionHistoryArchive;ProductionTransactionHistoryArchive;5;TransactionDate;NULL;NULL;NULL;NULL;NULL;datetime
Production;TransactionHistoryArchive;ProductionTransactionHistoryArchive;6;TransactionType;NULL;NULL;NULL;NULL;NULL;nchar
Production;TransactionHistoryArchive;ProductionTransactionHistoryArchive;7;Quantity;NULL;NULL;NULL;NULL;NULL;int
Production;TransactionHistoryArchive;ProductionTransactionHistoryArchive;8;ActualCost;NULL;NULL;NULL;NULL;NULL;money
Production;TransactionHistoryArchive;ProductionTransactionHistoryArchive;9;ModifiedDate;NULL;NULL;NULL;NULL;NULL;datetime
Production;UnitMeasure;ProductionUnitMeasure;1;UnitMeasureCode;NULL;NULL;NULL;NULL;NULL;nchar
Production;UnitMeasure;ProductionUnitMeasure;2;Name;NULL;NULL;NULL;NULL;NULL;nvarchar
Production;UnitMeasure;ProductionUnitMeasure;2;Name;NULL;NULL;NULL;NULL;NULL;sysname
Production;UnitMeasure;ProductionUnitMeasure;2;Name;NULL;NULL;NULL;NULL;NULL;AccountNumber
Production;UnitMeasure;ProductionUnitMeasure;2;Name;NULL;NULL;NULL;NULL;NULL;Name
Production;UnitMeasure;ProductionUnitMeasure;2;Name;NULL;NULL;NULL;NULL;NULL;OrderNumber
Production;UnitMeasure;ProductionUnitMeasure;2;Name;NULL;NULL;NULL;NULL;NULL;Phone
Production;UnitMeasure;ProductionUnitMeasure;3;ModifiedDate;NULL;NULL;NULL;NULL;NULL;datetime
Production;WorkOrder;ProductionWorkOrder;1;WorkOrderID;NULL;NULL;NULL;NULL;NULL;int
Production;WorkOrder;ProductionWorkOrder;2;ProductID;>-;Production.Product;ProductID;1;FK_WorkOrder_Product_ProductID;int
Production;WorkOrder;ProductionWorkOrder;3;OrderQty;NULL;NULL;NULL;NULL;NULL;int
Production;WorkOrder;ProductionWorkOrder;4;StockedQty;NULL;NULL;NULL;NULL;NULL;int
Production;WorkOrder;ProductionWorkOrder;5;ScrappedQty;NULL;NULL;NULL;NULL;NULL;smallint
Production;WorkOrder;ProductionWorkOrder;6;StartDate;NULL;NULL;NULL;NULL;NULL;datetime
Production;WorkOrder;ProductionWorkOrder;7;EndDate;NULL;NULL;NULL;NULL;NULL;datetime
Production;WorkOrder;ProductionWorkOrder;8;DueDate;NULL;NULL;NULL;NULL;NULL;datetime
Production;WorkOrder;ProductionWorkOrder;9;ScrapReasonID;>-;Production.ScrapReason;ScrapReasonID;1;FK_WorkOrder_ScrapReason_ScrapReasonID;smallint
Production;WorkOrder;ProductionWorkOrder;10;ModifiedDate;NULL;NULL;NULL;NULL;NULL;datetime
Production;WorkOrderRouting;ProductionWorkOrderRouting;1;WorkOrderID;>-;Production.WorkOrder;WorkOrderID;1;FK_WorkOrderRouting_WorkOrder_WorkOrderID;int
Production;WorkOrderRouting;ProductionWorkOrderRouting;2;ProductID;NULL;NULL;NULL;NULL;NULL;int
Production;WorkOrderRouting;ProductionWorkOrderRouting;3;OperationSequence;NULL;NULL;NULL;NULL;NULL;smallint
Production;WorkOrderRouting;ProductionWorkOrderRouting;4;LocationID;>-;Production.Location;LocationID;1;FK_WorkOrderRouting_Location_LocationID;smallint
Production;WorkOrderRouting;ProductionWorkOrderRouting;5;ScheduledStartDate;NULL;NULL;NULL;NULL;NULL;datetime
Production;WorkOrderRouting;ProductionWorkOrderRouting;6;ScheduledEndDate;NULL;NULL;NULL;NULL;NULL;datetime
Production;WorkOrderRouting;ProductionWorkOrderRouting;7;ActualStartDate;NULL;NULL;NULL;NULL;NULL;datetime
Production;WorkOrderRouting;ProductionWorkOrderRouting;8;ActualEndDate;NULL;NULL;NULL;NULL;NULL;datetime
Production;WorkOrderRouting;ProductionWorkOrderRouting;9;ActualResourceHrs;NULL;NULL;NULL;NULL;NULL;decimal
Production;WorkOrderRouting;ProductionWorkOrderRouting;10;PlannedCost;NULL;NULL;NULL;NULL;NULL;money
Production;WorkOrderRouting;ProductionWorkOrderRouting;11;ActualCost;NULL;NULL;NULL;NULL;NULL;money
Production;WorkOrderRouting;ProductionWorkOrderRouting;12;ModifiedDate;NULL;NULL;NULL;NULL;NULL;datetime
Purchasing;ProductVendor;PurchasingProductVendor;1;ProductID;>-;Production.Product;ProductID;1;FK_ProductVendor_Product_ProductID;int
Purchasing;ProductVendor;PurchasingProductVendor;2;BusinessEntityID;>-;Purchasing.Vendor;BusinessEntityID;1;FK_ProductVendor_Vendor_BusinessEntityID;int
Purchasing;ProductVendor;PurchasingProductVendor;3;AverageLeadTime;NULL;NULL;NULL;NULL;NULL;int
Purchasing;ProductVendor;PurchasingProductVendor;4;StandardPrice;NULL;NULL;NULL;NULL;NULL;money
Purchasing;ProductVendor;PurchasingProductVendor;5;LastReceiptCost;NULL;NULL;NULL;NULL;NULL;money
Purchasing;ProductVendor;PurchasingProductVendor;6;LastReceiptDate;NULL;NULL;NULL;NULL;NULL;datetime
Purchasing;ProductVendor;PurchasingProductVendor;7;MinOrderQty;NULL;NULL;NULL;NULL;NULL;int
Purchasing;ProductVendor;PurchasingProductVendor;8;MaxOrderQty;NULL;NULL;NULL;NULL;NULL;int
Purchasing;ProductVendor;PurchasingProductVendor;9;OnOrderQty;NULL;NULL;NULL;NULL;NULL;int
Purchasing;ProductVendor;PurchasingProductVendor;10;UnitMeasureCode;>-;Production.UnitMeasure;UnitMeasureCode;1;FK_ProductVendor_UnitMeasure_UnitMeasureCode;nchar
Purchasing;ProductVendor;PurchasingProductVendor;11;ModifiedDate;NULL;NULL;NULL;NULL;NULL;datetime
Purchasing;PurchaseOrderDetail;PurchasingPurchaseOrderDetail;1;PurchaseOrderID;>-;Purchasing.PurchaseOrderHeader;PurchaseOrderID;1;FK_PurchaseOrderDetail_PurchaseOrderHeader_PurchaseOrderID;int
Purchasing;PurchaseOrderDetail;PurchasingPurchaseOrderDetail;2;PurchaseOrderDetailID;NULL;NULL;NULL;NULL;NULL;int
Purchasing;PurchaseOrderDetail;PurchasingPurchaseOrderDetail;3;DueDate;NULL;NULL;NULL;NULL;NULL;datetime
Purchasing;PurchaseOrderDetail;PurchasingPurchaseOrderDetail;4;OrderQty;NULL;NULL;NULL;NULL;NULL;smallint
Purchasing;PurchaseOrderDetail;PurchasingPurchaseOrderDetail;5;ProductID;>-;Production.Product;ProductID;1;FK_PurchaseOrderDetail_Product_ProductID;int
Purchasing;PurchaseOrderDetail;PurchasingPurchaseOrderDetail;6;UnitPrice;NULL;NULL;NULL;NULL;NULL;money
Purchasing;PurchaseOrderDetail;PurchasingPurchaseOrderDetail;7;LineTotal;NULL;NULL;NULL;NULL;NULL;money
Purchasing;PurchaseOrderDetail;PurchasingPurchaseOrderDetail;8;ReceivedQty;NULL;NULL;NULL;NULL;NULL;decimal
Purchasing;PurchaseOrderDetail;PurchasingPurchaseOrderDetail;9;RejectedQty;NULL;NULL;NULL;NULL;NULL;decimal
Purchasing;PurchaseOrderDetail;PurchasingPurchaseOrderDetail;10;StockedQty;NULL;NULL;NULL;NULL;NULL;decimal
Purchasing;PurchaseOrderDetail;PurchasingPurchaseOrderDetail;11;ModifiedDate;NULL;NULL;NULL;NULL;NULL;datetime
Purchasing;PurchaseOrderHeader;PurchasingPurchaseOrderHeader;1;PurchaseOrderID;NULL;NULL;NULL;NULL;NULL;int
Purchasing;PurchaseOrderHeader;PurchasingPurchaseOrderHeader;2;RevisionNumber;NULL;NULL;NULL;NULL;NULL;tinyint
Purchasing;PurchaseOrderHeader;PurchasingPurchaseOrderHeader;3;Status;NULL;NULL;NULL;NULL;NULL;tinyint
Purchasing;PurchaseOrderHeader;PurchasingPurchaseOrderHeader;4;EmployeeID;>-;HumanResources.Employee;BusinessEntityID;1;FK_PurchaseOrderHeader_Employee_EmployeeID;int
Purchasing;PurchaseOrderHeader;PurchasingPurchaseOrderHeader;5;VendorID;>-;Purchasing.Vendor;BusinessEntityID;1;FK_PurchaseOrderHeader_Vendor_VendorID;int
Purchasing;PurchaseOrderHeader;PurchasingPurchaseOrderHeader;6;ShipMethodID;>-;Purchasing.ShipMethod;ShipMethodID;1;FK_PurchaseOrderHeader_ShipMethod_ShipMethodID;int
Purchasing;PurchaseOrderHeader;PurchasingPurchaseOrderHeader;7;OrderDate;NULL;NULL;NULL;NULL;NULL;datetime
Purchasing;PurchaseOrderHeader;PurchasingPurchaseOrderHeader;8;ShipDate;NULL;NULL;NULL;NULL;NULL;datetime
Purchasing;PurchaseOrderHeader;PurchasingPurchaseOrderHeader;9;SubTotal;NULL;NULL;NULL;NULL;NULL;money
Purchasing;PurchaseOrderHeader;PurchasingPurchaseOrderHeader;10;TaxAmt;NULL;NULL;NULL;NULL;NULL;money
Purchasing;PurchaseOrderHeader;PurchasingPurchaseOrderHeader;11;Freight;NULL;NULL;NULL;NULL;NULL;money
Purchasing;PurchaseOrderHeader;PurchasingPurchaseOrderHeader;12;TotalDue;NULL;NULL;NULL;NULL;NULL;money
Purchasing;PurchaseOrderHeader;PurchasingPurchaseOrderHeader;13;ModifiedDate;NULL;NULL;NULL;NULL;NULL;datetime
Purchasing;ShipMethod;PurchasingShipMethod;1;ShipMethodID;NULL;NULL;NULL;NULL;NULL;int
Purchasing;ShipMethod;PurchasingShipMethod;2;Name;NULL;NULL;NULL;NULL;NULL;nvarchar
Purchasing;ShipMethod;PurchasingShipMethod;2;Name;NULL;NULL;NULL;NULL;NULL;sysname
Purchasing;ShipMethod;PurchasingShipMethod;2;Name;NULL;NULL;NULL;NULL;NULL;AccountNumber
Purchasing;ShipMethod;PurchasingShipMethod;2;Name;NULL;NULL;NULL;NULL;NULL;Name
Purchasing;ShipMethod;PurchasingShipMethod;2;Name;NULL;NULL;NULL;NULL;NULL;OrderNumber
Purchasing;ShipMethod;PurchasingShipMethod;2;Name;NULL;NULL;NULL;NULL;NULL;Phone
Purchasing;ShipMethod;PurchasingShipMethod;3;ShipBase;NULL;NULL;NULL;NULL;NULL;money
Purchasing;ShipMethod;PurchasingShipMethod;4;ShipRate;NULL;NULL;NULL;NULL;NULL;money
Purchasing;ShipMethod;PurchasingShipMethod;5;rowguid;NULL;NULL;NULL;NULL;NULL;uniqueidentifier
Purchasing;ShipMethod;PurchasingShipMethod;6;ModifiedDate;NULL;NULL;NULL;NULL;NULL;datetime
Purchasing;Vendor;PurchasingVendor;1;BusinessEntityID;>-;Person.BusinessEntity;BusinessEntityID;1;FK_Vendor_BusinessEntity_BusinessEntityID;int
Purchasing;Vendor;PurchasingVendor;2;AccountNumber;NULL;NULL;NULL;NULL;NULL;nvarchar
Purchasing;Vendor;PurchasingVendor;2;AccountNumber;NULL;NULL;NULL;NULL;NULL;sysname
Purchasing;Vendor;PurchasingVendor;2;AccountNumber;NULL;NULL;NULL;NULL;NULL;AccountNumber
Purchasing;Vendor;PurchasingVendor;2;AccountNumber;NULL;NULL;NULL;NULL;NULL;Name
Purchasing;Vendor;PurchasingVendor;2;AccountNumber;NULL;NULL;NULL;NULL;NULL;OrderNumber
Purchasing;Vendor;PurchasingVendor;2;AccountNumber;NULL;NULL;NULL;NULL;NULL;Phone
Purchasing;Vendor;PurchasingVendor;3;Name;NULL;NULL;NULL;NULL;NULL;nvarchar
Purchasing;Vendor;PurchasingVendor;3;Name;NULL;NULL;NULL;NULL;NULL;sysname
Purchasing;Vendor;PurchasingVendor;3;Name;NULL;NULL;NULL;NULL;NULL;AccountNumber
Purchasing;Vendor;PurchasingVendor;3;Name;NULL;NULL;NULL;NULL;NULL;Name
Purchasing;Vendor;PurchasingVendor;3;Name;NULL;NULL;NULL;NULL;NULL;OrderNumber
Purchasing;Vendor;PurchasingVendor;3;Name;NULL;NULL;NULL;NULL;NULL;Phone
Purchasing;Vendor;PurchasingVendor;4;CreditRating;NULL;NULL;NULL;NULL;NULL;tinyint
Purchasing;Vendor;PurchasingVendor;5;PreferredVendorStatus;NULL;NULL;NULL;NULL;NULL;bit
Purchasing;Vendor;PurchasingVendor;5;PreferredVendorStatus;NULL;NULL;NULL;NULL;NULL;Flag
Purchasing;Vendor;PurchasingVendor;5;PreferredVendorStatus;NULL;NULL;NULL;NULL;NULL;NameStyle
Purchasing;Vendor;PurchasingVendor;6;ActiveFlag;NULL;NULL;NULL;NULL;NULL;bit
Purchasing;Vendor;PurchasingVendor;6;ActiveFlag;NULL;NULL;NULL;NULL;NULL;Flag
Purchasing;Vendor;PurchasingVendor;6;ActiveFlag;NULL;NULL;NULL;NULL;NULL;NameStyle
Purchasing;Vendor;PurchasingVendor;7;PurchasingWebServiceURL;NULL;NULL;NULL;NULL;NULL;nvarchar
Purchasing;Vendor;PurchasingVendor;7;PurchasingWebServiceURL;NULL;NULL;NULL;NULL;NULL;sysname
Purchasing;Vendor;PurchasingVendor;7;PurchasingWebServiceURL;NULL;NULL;NULL;NULL;NULL;AccountNumber
Purchasing;Vendor;PurchasingVendor;7;PurchasingWebServiceURL;NULL;NULL;NULL;NULL;NULL;Name
Purchasing;Vendor;PurchasingVendor;7;PurchasingWebServiceURL;NULL;NULL;NULL;NULL;NULL;OrderNumber
Purchasing;Vendor;PurchasingVendor;7;PurchasingWebServiceURL;NULL;NULL;NULL;NULL;NULL;Phone
Purchasing;Vendor;PurchasingVendor;8;ModifiedDate;NULL;NULL;NULL;NULL;NULL;datetime
Sales;CountryRegionCurrency;SalesCountryRegionCurrency;1;CountryRegionCode;>-;Person.CountryRegion;CountryRegionCode;1;FK_CountryRegionCurrency_CountryRegion_CountryRegionCode;nvarchar
Sales;CountryRegionCurrency;SalesCountryRegionCurrency;1;CountryRegionCode;>-;Person.CountryRegion;CountryRegionCode;1;FK_CountryRegionCurrency_CountryRegion_CountryRegionCode;sysname
Sales;CountryRegionCurrency;SalesCountryRegionCurrency;1;CountryRegionCode;>-;Person.CountryRegion;CountryRegionCode;1;FK_CountryRegionCurrency_CountryRegion_CountryRegionCode;AccountNumber
Sales;CountryRegionCurrency;SalesCountryRegionCurrency;1;CountryRegionCode;>-;Person.CountryRegion;CountryRegionCode;1;FK_CountryRegionCurrency_CountryRegion_CountryRegionCode;Name
Sales;CountryRegionCurrency;SalesCountryRegionCurrency;1;CountryRegionCode;>-;Person.CountryRegion;CountryRegionCode;1;FK_CountryRegionCurrency_CountryRegion_CountryRegionCode;OrderNumber
Sales;CountryRegionCurrency;SalesCountryRegionCurrency;1;CountryRegionCode;>-;Person.CountryRegion;CountryRegionCode;1;FK_CountryRegionCurrency_CountryRegion_CountryRegionCode;Phone
Sales;CountryRegionCurrency;SalesCountryRegionCurrency;2;CurrencyCode;>-;Sales.Currency;CurrencyCode;1;FK_CountryRegionCurrency_Currency_CurrencyCode;nchar
Sales;CountryRegionCurrency;SalesCountryRegionCurrency;3;ModifiedDate;NULL;NULL;NULL;NULL;NULL;datetime
Sales;CreditCard;SalesCreditCard;1;CreditCardID;NULL;NULL;NULL;NULL;NULL;int
Sales;CreditCard;SalesCreditCard;2;CardType;NULL;NULL;NULL;NULL;NULL;nvarchar
Sales;CreditCard;SalesCreditCard;2;CardType;NULL;NULL;NULL;NULL;NULL;sysname
Sales;CreditCard;SalesCreditCard;2;CardType;NULL;NULL;NULL;NULL;NULL;AccountNumber
Sales;CreditCard;SalesCreditCard;2;CardType;NULL;NULL;NULL;NULL;NULL;Name
Sales;CreditCard;SalesCreditCard;2;CardType;NULL;NULL;NULL;NULL;NULL;OrderNumber
Sales;CreditCard;SalesCreditCard;2;CardType;NULL;NULL;NULL;NULL;NULL;Phone
Sales;CreditCard;SalesCreditCard;3;CardNumber;NULL;NULL;NULL;NULL;NULL;nvarchar
Sales;CreditCard;SalesCreditCard;3;CardNumber;NULL;NULL;NULL;NULL;NULL;sysname
Sales;CreditCard;SalesCreditCard;3;CardNumber;NULL;NULL;NULL;NULL;NULL;AccountNumber
Sales;CreditCard;SalesCreditCard;3;CardNumber;NULL;NULL;NULL;NULL;NULL;Name
Sales;CreditCard;SalesCreditCard;3;CardNumber;NULL;NULL;NULL;NULL;NULL;OrderNumber
Sales;CreditCard;SalesCreditCard;3;CardNumber;NULL;NULL;NULL;NULL;NULL;Phone
Sales;CreditCard;SalesCreditCard;4;ExpMonth;NULL;NULL;NULL;NULL;NULL;tinyint
Sales;CreditCard;SalesCreditCard;5;ExpYear;NULL;NULL;NULL;NULL;NULL;smallint
Sales;CreditCard;SalesCreditCard;6;ModifiedDate;NULL;NULL;NULL;NULL;NULL;datetime
Sales;Currency;SalesCurrency;1;CurrencyCode;NULL;NULL;NULL;NULL;NULL;nchar
Sales;Currency;SalesCurrency;2;Name;NULL;NULL;NULL;NULL;NULL;nvarchar
Sales;Currency;SalesCurrency;2;Name;NULL;NULL;NULL;NULL;NULL;sysname
Sales;Currency;SalesCurrency;2;Name;NULL;NULL;NULL;NULL;NULL;AccountNumber
Sales;Currency;SalesCurrency;2;Name;NULL;NULL;NULL;NULL;NULL;Name
Sales;Currency;SalesCurrency;2;Name;NULL;NULL;NULL;NULL;NULL;OrderNumber
Sales;Currency;SalesCurrency;2;Name;NULL;NULL;NULL;NULL;NULL;Phone
Sales;Currency;SalesCurrency;3;ModifiedDate;NULL;NULL;NULL;NULL;NULL;datetime
Sales;CurrencyRate;SalesCurrencyRate;1;CurrencyRateID;NULL;NULL;NULL;NULL;NULL;int
Sales;CurrencyRate;SalesCurrencyRate;2;CurrencyRateDate;NULL;NULL;NULL;NULL;NULL;datetime
Sales;CurrencyRate;SalesCurrencyRate;3;FromCurrencyCode;>-;Sales.Currency;CurrencyCode;1;FK_CurrencyRate_Currency_FromCurrencyCode;nchar
Sales;CurrencyRate;SalesCurrencyRate;4;ToCurrencyCode;>-;Sales.Currency;CurrencyCode;1;FK_CurrencyRate_Currency_ToCurrencyCode;nchar
Sales;CurrencyRate;SalesCurrencyRate;5;AverageRate;NULL;NULL;NULL;NULL;NULL;money
Sales;CurrencyRate;SalesCurrencyRate;6;EndOfDayRate;NULL;NULL;NULL;NULL;NULL;money
Sales;CurrencyRate;SalesCurrencyRate;7;ModifiedDate;NULL;NULL;NULL;NULL;NULL;datetime
Sales;Customer;SalesCustomer;1;CustomerID;NULL;NULL;NULL;NULL;NULL;int
Sales;Customer;SalesCustomer;2;PersonID;>-;Person.Person;BusinessEntityID;1;FK_Customer_Person_PersonID;int
Sales;Customer;SalesCustomer;3;StoreID;>-;Sales.Store;BusinessEntityID;1;FK_Customer_Store_StoreID;int
Sales;Customer;SalesCustomer;4;TerritoryID;>-;Sales.SalesTerritory;TerritoryID;1;FK_Customer_SalesTerritory_TerritoryID;int
Sales;Customer;SalesCustomer;5;AccountNumber;NULL;NULL;NULL;NULL;NULL;varchar
Sales;Customer;SalesCustomer;6;rowguid;NULL;NULL;NULL;NULL;NULL;uniqueidentifier
Sales;Customer;SalesCustomer;7;ModifiedDate;NULL;NULL;NULL;NULL;NULL;datetime
Sales;PersonCreditCard;SalesPersonCreditCard;1;BusinessEntityID;>-;Person.Person;BusinessEntityID;1;FK_PersonCreditCard_Person_BusinessEntityID;int
Sales;PersonCreditCard;SalesPersonCreditCard;2;CreditCardID;>-;Sales.CreditCard;CreditCardID;1;FK_PersonCreditCard_CreditCard_CreditCardID;int
Sales;PersonCreditCard;SalesPersonCreditCard;3;ModifiedDate;NULL;NULL;NULL;NULL;NULL;datetime
Sales;SalesOrderDetail;SalesSalesOrderDetail;1;SalesOrderID;>-;Sales.SalesOrderHeader;SalesOrderID;1;FK_SalesOrderDetail_SalesOrderHeader_SalesOrderID;int
Sales;SalesOrderDetail;SalesSalesOrderDetail;2;SalesOrderDetailID;NULL;NULL;NULL;NULL;NULL;int
Sales;SalesOrderDetail;SalesSalesOrderDetail;3;CarrierTrackingNumber;NULL;NULL;NULL;NULL;NULL;nvarchar
Sales;SalesOrderDetail;SalesSalesOrderDetail;3;CarrierTrackingNumber;NULL;NULL;NULL;NULL;NULL;sysname
Sales;SalesOrderDetail;SalesSalesOrderDetail;3;CarrierTrackingNumber;NULL;NULL;NULL;NULL;NULL;AccountNumber
Sales;SalesOrderDetail;SalesSalesOrderDetail;3;CarrierTrackingNumber;NULL;NULL;NULL;NULL;NULL;Name
Sales;SalesOrderDetail;SalesSalesOrderDetail;3;CarrierTrackingNumber;NULL;NULL;NULL;NULL;NULL;OrderNumber
Sales;SalesOrderDetail;SalesSalesOrderDetail;3;CarrierTrackingNumber;NULL;NULL;NULL;NULL;NULL;Phone
Sales;SalesOrderDetail;SalesSalesOrderDetail;4;OrderQty;NULL;NULL;NULL;NULL;NULL;smallint
Sales;SalesOrderDetail;SalesSalesOrderDetail;5;ProductID;>-;Sales.SpecialOfferProduct;ProductID;2;FK_SalesOrderDetail_SpecialOfferProduct_SpecialOfferIDProductID;int
Sales;SalesOrderDetail;SalesSalesOrderDetail;6;SpecialOfferID;>-;Sales.SpecialOfferProduct;SpecialOfferID;1;FK_SalesOrderDetail_SpecialOfferProduct_SpecialOfferIDProductID;int
Sales;SalesOrderDetail;SalesSalesOrderDetail;7;UnitPrice;NULL;NULL;NULL;NULL;NULL;money
Sales;SalesOrderDetail;SalesSalesOrderDetail;8;UnitPriceDiscount;NULL;NULL;NULL;NULL;NULL;money
Sales;SalesOrderDetail;SalesSalesOrderDetail;9;LineTotal;NULL;NULL;NULL;NULL;NULL;numeric
Sales;SalesOrderDetail;SalesSalesOrderDetail;10;rowguid;NULL;NULL;NULL;NULL;NULL;uniqueidentifier
Sales;SalesOrderDetail;SalesSalesOrderDetail;11;ModifiedDate;NULL;NULL;NULL;NULL;NULL;datetime
Sales;SalesOrderHeader;SalesSalesOrderHeader;1;SalesOrderID;NULL;NULL;NULL;NULL;NULL;int
Sales;SalesOrderHeader;SalesSalesOrderHeader;2;RevisionNumber;NULL;NULL;NULL;NULL;NULL;tinyint
Sales;SalesOrderHeader;SalesSalesOrderHeader;3;OrderDate;NULL;NULL;NULL;NULL;NULL;datetime
Sales;SalesOrderHeader;SalesSalesOrderHeader;4;DueDate;NULL;NULL;NULL;NULL;NULL;datetime
Sales;SalesOrderHeader;SalesSalesOrderHeader;5;ShipDate;NULL;NULL;NULL;NULL;NULL;datetime
Sales;SalesOrderHeader;SalesSalesOrderHeader;6;Status;NULL;NULL;NULL;NULL;NULL;tinyint
Sales;SalesOrderHeader;SalesSalesOrderHeader;7;OnlineOrderFlag;NULL;NULL;NULL;NULL;NULL;bit
Sales;SalesOrderHeader;SalesSalesOrderHeader;7;OnlineOrderFlag;NULL;NULL;NULL;NULL;NULL;Flag
Sales;SalesOrderHeader;SalesSalesOrderHeader;7;OnlineOrderFlag;NULL;NULL;NULL;NULL;NULL;NameStyle
Sales;SalesOrderHeader;SalesSalesOrderHeader;8;SalesOrderNumber;NULL;NULL;NULL;NULL;NULL;nvarchar
Sales;SalesOrderHeader;SalesSalesOrderHeader;8;SalesOrderNumber;NULL;NULL;NULL;NULL;NULL;sysname
Sales;SalesOrderHeader;SalesSalesOrderHeader;8;SalesOrderNumber;NULL;NULL;NULL;NULL;NULL;AccountNumber
Sales;SalesOrderHeader;SalesSalesOrderHeader;8;SalesOrderNumber;NULL;NULL;NULL;NULL;NULL;Name
Sales;SalesOrderHeader;SalesSalesOrderHeader;8;SalesOrderNumber;NULL;NULL;NULL;NULL;NULL;OrderNumber
Sales;SalesOrderHeader;SalesSalesOrderHeader;8;SalesOrderNumber;NULL;NULL;NULL;NULL;NULL;Phone
Sales;SalesOrderHeader;SalesSalesOrderHeader;9;PurchaseOrderNumber;NULL;NULL;NULL;NULL;NULL;nvarchar
Sales;SalesOrderHeader;SalesSalesOrderHeader;9;PurchaseOrderNumber;NULL;NULL;NULL;NULL;NULL;sysname
Sales;SalesOrderHeader;SalesSalesOrderHeader;9;PurchaseOrderNumber;NULL;NULL;NULL;NULL;NULL;AccountNumber
Sales;SalesOrderHeader;SalesSalesOrderHeader;9;PurchaseOrderNumber;NULL;NULL;NULL;NULL;NULL;Name
Sales;SalesOrderHeader;SalesSalesOrderHeader;9;PurchaseOrderNumber;NULL;NULL;NULL;NULL;NULL;OrderNumber
Sales;SalesOrderHeader;SalesSalesOrderHeader;9;PurchaseOrderNumber;NULL;NULL;NULL;NULL;NULL;Phone
Sales;SalesOrderHeader;SalesSalesOrderHeader;10;AccountNumber;NULL;NULL;NULL;NULL;NULL;nvarchar
Sales;SalesOrderHeader;SalesSalesOrderHeader;10;AccountNumber;NULL;NULL;NULL;NULL;NULL;sysname
Sales;SalesOrderHeader;SalesSalesOrderHeader;10;AccountNumber;NULL;NULL;NULL;NULL;NULL;AccountNumber
Sales;SalesOrderHeader;SalesSalesOrderHeader;10;AccountNumber;NULL;NULL;NULL;NULL;NULL;Name
Sales;SalesOrderHeader;SalesSalesOrderHeader;10;AccountNumber;NULL;NULL;NULL;NULL;NULL;OrderNumber
Sales;SalesOrderHeader;SalesSalesOrderHeader;10;AccountNumber;NULL;NULL;NULL;NULL;NULL;Phone
Sales;SalesOrderHeader;SalesSalesOrderHeader;11;CustomerID;>-;Sales.Customer;CustomerID;1;FK_SalesOrderHeader_Customer_CustomerID;int
Sales;SalesOrderHeader;SalesSalesOrderHeader;12;SalesPersonID;>-;Sales.SalesPerson;BusinessEntityID;1;FK_SalesOrderHeader_SalesPerson_SalesPersonID;int
Sales;SalesOrderHeader;SalesSalesOrderHeader;13;TerritoryID;>-;Sales.SalesTerritory;TerritoryID;1;FK_SalesOrderHeader_SalesTerritory_TerritoryID;int
Sales;SalesOrderHeader;SalesSalesOrderHeader;14;BillToAddressID;>-;Person.Address;AddressID;1;FK_SalesOrderHeader_Address_BillToAddressID;int
Sales;SalesOrderHeader;SalesSalesOrderHeader;15;ShipToAddressID;>-;Person.Address;AddressID;1;FK_SalesOrderHeader_Address_ShipToAddressID;int
Sales;SalesOrderHeader;SalesSalesOrderHeader;16;ShipMethodID;>-;Purchasing.ShipMethod;ShipMethodID;1;FK_SalesOrderHeader_ShipMethod_ShipMethodID;int
Sales;SalesOrderHeader;SalesSalesOrderHeader;17;CreditCardID;>-;Sales.CreditCard;CreditCardID;1;FK_SalesOrderHeader_CreditCard_CreditCardID;int
Sales;SalesOrderHeader;SalesSalesOrderHeader;18;CreditCardApprovalCode;NULL;NULL;NULL;NULL;NULL;varchar
Sales;SalesOrderHeader;SalesSalesOrderHeader;19;CurrencyRateID;>-;Sales.CurrencyRate;CurrencyRateID;1;FK_SalesOrderHeader_CurrencyRate_CurrencyRateID;int
Sales;SalesOrderHeader;SalesSalesOrderHeader;20;SubTotal;NULL;NULL;NULL;NULL;NULL;money
Sales;SalesOrderHeader;SalesSalesOrderHeader;21;TaxAmt;NULL;NULL;NULL;NULL;NULL;money
Sales;SalesOrderHeader;SalesSalesOrderHeader;22;Freight;NULL;NULL;NULL;NULL;NULL;money
Sales;SalesOrderHeader;SalesSalesOrderHeader;23;TotalDue;NULL;NULL;NULL;NULL;NULL;money
Sales;SalesOrderHeader;SalesSalesOrderHeader;24;Comment;NULL;NULL;NULL;NULL;NULL;nvarchar
Sales;SalesOrderHeader;SalesSalesOrderHeader;24;Comment;NULL;NULL;NULL;NULL;NULL;sysname
Sales;SalesOrderHeader;SalesSalesOrderHeader;24;Comment;NULL;NULL;NULL;NULL;NULL;AccountNumber
Sales;SalesOrderHeader;SalesSalesOrderHeader;24;Comment;NULL;NULL;NULL;NULL;NULL;Name
Sales;SalesOrderHeader;SalesSalesOrderHeader;24;Comment;NULL;NULL;NULL;NULL;NULL;OrderNumber
Sales;SalesOrderHeader;SalesSalesOrderHeader;24;Comment;NULL;NULL;NULL;NULL;NULL;Phone
Sales;SalesOrderHeader;SalesSalesOrderHeader;25;rowguid;NULL;NULL;NULL;NULL;NULL;uniqueidentifier
Sales;SalesOrderHeader;SalesSalesOrderHeader;26;ModifiedDate;NULL;NULL;NULL;NULL;NULL;datetime
Sales;SalesOrderHeaderSalesReason;SalesSalesOrderHeaderSalesReason;1;SalesOrderID;>-;Sales.SalesOrderHeader;SalesOrderID;1;FK_SalesOrderHeaderSalesReason_SalesOrderHeader_SalesOrderID;int
Sales;SalesOrderHeaderSalesReason;SalesSalesOrderHeaderSalesReason;2;SalesReasonID;>-;Sales.SalesReason;SalesReasonID;1;FK_SalesOrderHeaderSalesReason_SalesReason_SalesReasonID;int
Sales;SalesOrderHeaderSalesReason;SalesSalesOrderHeaderSalesReason;3;ModifiedDate;NULL;NULL;NULL;NULL;NULL;datetime
Sales;SalesPerson;SalesSalesPerson;1;BusinessEntityID;>-;HumanResources.Employee;BusinessEntityID;1;FK_SalesPerson_Employee_BusinessEntityID;int
Sales;SalesPerson;SalesSalesPerson;2;TerritoryID;>-;Sales.SalesTerritory;TerritoryID;1;FK_SalesPerson_SalesTerritory_TerritoryID;int
Sales;SalesPerson;SalesSalesPerson;3;SalesQuota;NULL;NULL;NULL;NULL;NULL;money
Sales;SalesPerson;SalesSalesPerson;4;Bonus;NULL;NULL;NULL;NULL;NULL;money
Sales;SalesPerson;SalesSalesPerson;5;CommissionPct;NULL;NULL;NULL;NULL;NULL;smallmoney
Sales;SalesPerson;SalesSalesPerson;6;SalesYTD;NULL;NULL;NULL;NULL;NULL;money
Sales;SalesPerson;SalesSalesPerson;7;SalesLastYear;NULL;NULL;NULL;NULL;NULL;money
Sales;SalesPerson;SalesSalesPerson;8;rowguid;NULL;NULL;NULL;NULL;NULL;uniqueidentifier
Sales;SalesPerson;SalesSalesPerson;9;ModifiedDate;NULL;NULL;NULL;NULL;NULL;datetime
Sales;SalesPersonQuotaHistory;SalesSalesPersonQuotaHistory;1;BusinessEntityID;>-;Sales.SalesPerson;BusinessEntityID;1;FK_SalesPersonQuotaHistory_SalesPerson_BusinessEntityID;int
Sales;SalesPersonQuotaHistory;SalesSalesPersonQuotaHistory;2;QuotaDate;NULL;NULL;NULL;NULL;NULL;datetime
Sales;SalesPersonQuotaHistory;SalesSalesPersonQuotaHistory;3;SalesQuota;NULL;NULL;NULL;NULL;NULL;money
Sales;SalesPersonQuotaHistory;SalesSalesPersonQuotaHistory;4;rowguid;NULL;NULL;NULL;NULL;NULL;uniqueidentifier
Sales;SalesPersonQuotaHistory;SalesSalesPersonQuotaHistory;5;ModifiedDate;NULL;NULL;NULL;NULL;NULL;datetime
Sales;SalesReason;SalesSalesReason;1;SalesReasonID;NULL;NULL;NULL;NULL;NULL;int
Sales;SalesReason;SalesSalesReason;2;Name;NULL;NULL;NULL;NULL;NULL;nvarchar
Sales;SalesReason;SalesSalesReason;2;Name;NULL;NULL;NULL;NULL;NULL;sysname
Sales;SalesReason;SalesSalesReason;2;Name;NULL;NULL;NULL;NULL;NULL;AccountNumber
Sales;SalesReason;SalesSalesReason;2;Name;NULL;NULL;NULL;NULL;NULL;Name
Sales;SalesReason;SalesSalesReason;2;Name;NULL;NULL;NULL;NULL;NULL;OrderNumber
Sales;SalesReason;SalesSalesReason;2;Name;NULL;NULL;NULL;NULL;NULL;Phone
Sales;SalesReason;SalesSalesReason;3;ReasonType;NULL;NULL;NULL;NULL;NULL;nvarchar
Sales;SalesReason;SalesSalesReason;3;ReasonType;NULL;NULL;NULL;NULL;NULL;sysname
Sales;SalesReason;SalesSalesReason;3;ReasonType;NULL;NULL;NULL;NULL;NULL;AccountNumber
Sales;SalesReason;SalesSalesReason;3;ReasonType;NULL;NULL;NULL;NULL;NULL;Name
Sales;SalesReason;SalesSalesReason;3;ReasonType;NULL;NULL;NULL;NULL;NULL;OrderNumber
Sales;SalesReason;SalesSalesReason;3;ReasonType;NULL;NULL;NULL;NULL;NULL;Phone
Sales;SalesReason;SalesSalesReason;4;ModifiedDate;NULL;NULL;NULL;NULL;NULL;datetime
Sales;SalesTaxRate;SalesSalesTaxRate;1;SalesTaxRateID;NULL;NULL;NULL;NULL;NULL;int
Sales;SalesTaxRate;SalesSalesTaxRate;2;StateProvinceID;>-;Person.StateProvince;StateProvinceID;1;FK_SalesTaxRate_StateProvince_StateProvinceID;int
Sales;SalesTaxRate;SalesSalesTaxRate;3;TaxType;NULL;NULL;NULL;NULL;NULL;tinyint
Sales;SalesTaxRate;SalesSalesTaxRate;4;TaxRate;NULL;NULL;NULL;NULL;NULL;smallmoney
Sales;SalesTaxRate;SalesSalesTaxRate;5;Name;NULL;NULL;NULL;NULL;NULL;nvarchar
Sales;SalesTaxRate;SalesSalesTaxRate;5;Name;NULL;NULL;NULL;NULL;NULL;sysname
Sales;SalesTaxRate;SalesSalesTaxRate;5;Name;NULL;NULL;NULL;NULL;NULL;AccountNumber
Sales;SalesTaxRate;SalesSalesTaxRate;5;Name;NULL;NULL;NULL;NULL;NULL;Name
Sales;SalesTaxRate;SalesSalesTaxRate;5;Name;NULL;NULL;NULL;NULL;NULL;OrderNumber
Sales;SalesTaxRate;SalesSalesTaxRate;5;Name;NULL;NULL;NULL;NULL;NULL;Phone
Sales;SalesTaxRate;SalesSalesTaxRate;6;rowguid;NULL;NULL;NULL;NULL;NULL;uniqueidentifier
Sales;SalesTaxRate;SalesSalesTaxRate;7;ModifiedDate;NULL;NULL;NULL;NULL;NULL;datetime
Sales;SalesTerritory;SalesSalesTerritory;1;TerritoryID;NULL;NULL;NULL;NULL;NULL;int
Sales;SalesTerritory;SalesSalesTerritory;2;Name;NULL;NULL;NULL;NULL;NULL;nvarchar
Sales;SalesTerritory;SalesSalesTerritory;2;Name;NULL;NULL;NULL;NULL;NULL;sysname
Sales;SalesTerritory;SalesSalesTerritory;2;Name;NULL;NULL;NULL;NULL;NULL;AccountNumber
Sales;SalesTerritory;SalesSalesTerritory;2;Name;NULL;NULL;NULL;NULL;NULL;Name
Sales;SalesTerritory;SalesSalesTerritory;2;Name;NULL;NULL;NULL;NULL;NULL;OrderNumber
Sales;SalesTerritory;SalesSalesTerritory;2;Name;NULL;NULL;NULL;NULL;NULL;Phone
Sales;SalesTerritory;SalesSalesTerritory;3;CountryRegionCode;>-;Person.CountryRegion;CountryRegionCode;1;FK_SalesTerritory_CountryRegion_CountryRegionCode;nvarchar
Sales;SalesTerritory;SalesSalesTerritory;3;CountryRegionCode;>-;Person.CountryRegion;CountryRegionCode;1;FK_SalesTerritory_CountryRegion_CountryRegionCode;sysname
Sales;SalesTerritory;SalesSalesTerritory;3;CountryRegionCode;>-;Person.CountryRegion;CountryRegionCode;1;FK_SalesTerritory_CountryRegion_CountryRegionCode;AccountNumber
Sales;SalesTerritory;SalesSalesTerritory;3;CountryRegionCode;>-;Person.CountryRegion;CountryRegionCode;1;FK_SalesTerritory_CountryRegion_CountryRegionCode;Name
Sales;SalesTerritory;SalesSalesTerritory;3;CountryRegionCode;>-;Person.CountryRegion;CountryRegionCode;1;FK_SalesTerritory_CountryRegion_CountryRegionCode;OrderNumber
Sales;SalesTerritory;SalesSalesTerritory;3;CountryRegionCode;>-;Person.CountryRegion;CountryRegionCode;1;FK_SalesTerritory_CountryRegion_CountryRegionCode;Phone
Sales;SalesTerritory;SalesSalesTerritory;4;Group;NULL;NULL;NULL;NULL;NULL;nvarchar
Sales;SalesTerritory;SalesSalesTerritory;4;Group;NULL;NULL;NULL;NULL;NULL;sysname
Sales;SalesTerritory;SalesSalesTerritory;4;Group;NULL;NULL;NULL;NULL;NULL;AccountNumber
Sales;SalesTerritory;SalesSalesTerritory;4;Group;NULL;NULL;NULL;NULL;NULL;Name
Sales;SalesTerritory;SalesSalesTerritory;4;Group;NULL;NULL;NULL;NULL;NULL;OrderNumber
Sales;SalesTerritory;SalesSalesTerritory;4;Group;NULL;NULL;NULL;NULL;NULL;Phone
Sales;SalesTerritory;SalesSalesTerritory;5;SalesYTD;NULL;NULL;NULL;NULL;NULL;money
Sales;SalesTerritory;SalesSalesTerritory;6;SalesLastYear;NULL;NULL;NULL;NULL;NULL;money
Sales;SalesTerritory;SalesSalesTerritory;7;CostYTD;NULL;NULL;NULL;NULL;NULL;money
Sales;SalesTerritory;SalesSalesTerritory;8;CostLastYear;NULL;NULL;NULL;NULL;NULL;money
Sales;SalesTerritory;SalesSalesTerritory;9;rowguid;NULL;NULL;NULL;NULL;NULL;uniqueidentifier
Sales;SalesTerritory;SalesSalesTerritory;10;ModifiedDate;NULL;NULL;NULL;NULL;NULL;datetime
Sales;SalesTerritoryHistory;SalesSalesTerritoryHistory;1;BusinessEntityID;>-;Sales.SalesPerson;BusinessEntityID;1;FK_SalesTerritoryHistory_SalesPerson_BusinessEntityID;int
Sales;SalesTerritoryHistory;SalesSalesTerritoryHistory;2;TerritoryID;>-;Sales.SalesTerritory;TerritoryID;1;FK_SalesTerritoryHistory_SalesTerritory_TerritoryID;int
Sales;SalesTerritoryHistory;SalesSalesTerritoryHistory;3;StartDate;NULL;NULL;NULL;NULL;NULL;datetime
Sales;SalesTerritoryHistory;SalesSalesTerritoryHistory;4;EndDate;NULL;NULL;NULL;NULL;NULL;datetime
Sales;SalesTerritoryHistory;SalesSalesTerritoryHistory;5;rowguid;NULL;NULL;NULL;NULL;NULL;uniqueidentifier
Sales;SalesTerritoryHistory;SalesSalesTerritoryHistory;6;ModifiedDate;NULL;NULL;NULL;NULL;NULL;datetime
Sales;ShoppingCartItem;SalesShoppingCartItem;1;ShoppingCartItemID;NULL;NULL;NULL;NULL;NULL;int
Sales;ShoppingCartItem;SalesShoppingCartItem;2;ShoppingCartID;NULL;NULL;NULL;NULL;NULL;nvarchar
Sales;ShoppingCartItem;SalesShoppingCartItem;2;ShoppingCartID;NULL;NULL;NULL;NULL;NULL;sysname
Sales;ShoppingCartItem;SalesShoppingCartItem;2;ShoppingCartID;NULL;NULL;NULL;NULL;NULL;AccountNumber
Sales;ShoppingCartItem;SalesShoppingCartItem;2;ShoppingCartID;NULL;NULL;NULL;NULL;NULL;Name
Sales;ShoppingCartItem;SalesShoppingCartItem;2;ShoppingCartID;NULL;NULL;NULL;NULL;NULL;OrderNumber
Sales;ShoppingCartItem;SalesShoppingCartItem;2;ShoppingCartID;NULL;NULL;NULL;NULL;NULL;Phone
Sales;ShoppingCartItem;SalesShoppingCartItem;3;Quantity;NULL;NULL;NULL;NULL;NULL;int
Sales;ShoppingCartItem;SalesShoppingCartItem;4;ProductID;>-;Production.Product;ProductID;1;FK_ShoppingCartItem_Product_ProductID;int
Sales;ShoppingCartItem;SalesShoppingCartItem;5;DateCreated;NULL;NULL;NULL;NULL;NULL;datetime
Sales;ShoppingCartItem;SalesShoppingCartItem;6;ModifiedDate;NULL;NULL;NULL;NULL;NULL;datetime
Sales;SpecialOffer;SalesSpecialOffer;1;SpecialOfferID;NULL;NULL;NULL;NULL;NULL;int
Sales;SpecialOffer;SalesSpecialOffer;2;Description;NULL;NULL;NULL;NULL;NULL;nvarchar
Sales;SpecialOffer;SalesSpecialOffer;2;Description;NULL;NULL;NULL;NULL;NULL;sysname
Sales;SpecialOffer;SalesSpecialOffer;2;Description;NULL;NULL;NULL;NULL;NULL;AccountNumber
Sales;SpecialOffer;SalesSpecialOffer;2;Description;NULL;NULL;NULL;NULL;NULL;Name
Sales;SpecialOffer;SalesSpecialOffer;2;Description;NULL;NULL;NULL;NULL;NULL;OrderNumber
Sales;SpecialOffer;SalesSpecialOffer;2;Description;NULL;NULL;NULL;NULL;NULL;Phone
Sales;SpecialOffer;SalesSpecialOffer;3;DiscountPct;NULL;NULL;NULL;NULL;NULL;smallmoney
Sales;SpecialOffer;SalesSpecialOffer;4;Type;NULL;NULL;NULL;NULL;NULL;nvarchar
Sales;SpecialOffer;SalesSpecialOffer;4;Type;NULL;NULL;NULL;NULL;NULL;sysname
Sales;SpecialOffer;SalesSpecialOffer;4;Type;NULL;NULL;NULL;NULL;NULL;AccountNumber
Sales;SpecialOffer;SalesSpecialOffer;4;Type;NULL;NULL;NULL;NULL;NULL;Name
Sales;SpecialOffer;SalesSpecialOffer;4;Type;NULL;NULL;NULL;NULL;NULL;OrderNumber
Sales;SpecialOffer;SalesSpecialOffer;4;Type;NULL;NULL;NULL;NULL;NULL;Phone
Sales;SpecialOffer;SalesSpecialOffer;5;Category;NULL;NULL;NULL;NULL;NULL;nvarchar
Sales;SpecialOffer;SalesSpecialOffer;5;Category;NULL;NULL;NULL;NULL;NULL;sysname
Sales;SpecialOffer;SalesSpecialOffer;5;Category;NULL;NULL;NULL;NULL;NULL;AccountNumber
Sales;SpecialOffer;SalesSpecialOffer;5;Category;NULL;NULL;NULL;NULL;NULL;Name
Sales;SpecialOffer;SalesSpecialOffer;5;Category;NULL;NULL;NULL;NULL;NULL;OrderNumber
Sales;SpecialOffer;SalesSpecialOffer;5;Category;NULL;NULL;NULL;NULL;NULL;Phone
Sales;SpecialOffer;SalesSpecialOffer;6;StartDate;NULL;NULL;NULL;NULL;NULL;datetime
Sales;SpecialOffer;SalesSpecialOffer;7;EndDate;NULL;NULL;NULL;NULL;NULL;datetime
Sales;SpecialOffer;SalesSpecialOffer;8;MinQty;NULL;NULL;NULL;NULL;NULL;int
Sales;SpecialOffer;SalesSpecialOffer;9;MaxQty;NULL;NULL;NULL;NULL;NULL;int
Sales;SpecialOffer;SalesSpecialOffer;10;rowguid;NULL;NULL;NULL;NULL;NULL;uniqueidentifier
Sales;SpecialOffer;SalesSpecialOffer;11;ModifiedDate;NULL;NULL;NULL;NULL;NULL;datetime
Sales;SpecialOfferProduct;SalesSpecialOfferProduct;1;SpecialOfferID;>-;Sales.SpecialOffer;SpecialOfferID;1;FK_SpecialOfferProduct_SpecialOffer_SpecialOfferID;int
Sales;SpecialOfferProduct;SalesSpecialOfferProduct;2;ProductID;>-;Production.Product;ProductID;1;FK_SpecialOfferProduct_Product_ProductID;int
Sales;SpecialOfferProduct;SalesSpecialOfferProduct;3;rowguid;NULL;NULL;NULL;NULL;NULL;uniqueidentifier
Sales;SpecialOfferProduct;SalesSpecialOfferProduct;4;ModifiedDate;NULL;NULL;NULL;NULL;NULL;datetime
Sales;Store;SalesStore;1;BusinessEntityID;>-;Person.BusinessEntity;BusinessEntityID;1;FK_Store_BusinessEntity_BusinessEntityID;int
Sales;Store;SalesStore;2;Name;NULL;NULL;NULL;NULL;NULL;nvarchar
Sales;Store;SalesStore;2;Name;NULL;NULL;NULL;NULL;NULL;sysname
Sales;Store;SalesStore;2;Name;NULL;NULL;NULL;NULL;NULL;AccountNumber
Sales;Store;SalesStore;2;Name;NULL;NULL;NULL;NULL;NULL;Name
Sales;Store;SalesStore;2;Name;NULL;NULL;NULL;NULL;NULL;OrderNumber
Sales;Store;SalesStore;2;Name;NULL;NULL;NULL;NULL;NULL;Phone
Sales;Store;SalesStore;3;SalesPersonID;>-;Sales.SalesPerson;BusinessEntityID;1;FK_Store_SalesPerson_SalesPersonID;int
Sales;Store;SalesStore;4;Demographics;NULL;NULL;NULL;NULL;NULL;xml
Sales;Store;SalesStore;5;rowguid;NULL;NULL;NULL;NULL;NULL;uniqueidentifier
Sales;Store;SalesStore;6;ModifiedDate;NULL;NULL;NULL;NULL;NULL;datetime
